name,entries/usernames,entries/emails,breach_date
MyHeritage.com,0,86739843,2017-10-26
BlackHatDevil.com,0,14286,0000-00-00
Brazzers.com,0,795143,2013-04-01
Paxful.com,0,283050,0000-00-00
Wanadoo,0,137847,0000-00-00
Aternos.org,823765,896442,2015-12-06
ButterFlyLabs.com,0,18451,2015-00-00
Cfire.mail.ru,8715255,9990285,2016-08-08
MMORG.net,0,2341848,0000-00-00
MineSerwer.pl,0,11323,0000-00-00
FFShrine.org,0,491121,2015-09-18
Wallet.btc.com,0,12510,0000-00-00
MerlinsMagicBitcoins.com,0,1531,0000-00-00
AnyWhere.xxx,0,512694,0000-00-00
MythicalWorld.net,0,73697,2015-10-00
Poloniex.com,0,949697,0000-00-00
Hitfinex,0,441869,0000-00-00
Coins.numizmat.net,0,2911,0000-00-00
Parapa.mail.ru,4275787,4686350,2016-08-08
CapitalGames.com,0,430404,2015-11-00
Cafepress.com,0,10069713,2019-02-20
Cannabiscardpay.com,0,10828,2017-11-00
Dailymotion.com,899129,1182855,2016-10-20
Clubfactory.com,0,10842,0000-00-00
FrostLand,0,343199,0000-00-00
Nextgenupdate.com,995219,1040418,2014-01-00
Hmps.in,0,123578,2019-10-00
Xoffer.hk,0,37261,0000-00-00
Evgexacraft.ru,0,295606,0000-00-00
Xpgamesaves.com,0,739574,2016-01-00
Lacedrecords.co,0,52146,0000-00-00
Bondagestory.biz,0,37512,0000-00-00
MemberReportAccess.com,0,888962,0000-00-00
Gfycat.com,0,146086,0000-00-00
FoxyBingo.com,0,258097,2007-04-00
Hongfire.com,746197,830963,2015-03-01
iMesh.com,40430905,42962088,2013-09-22
Iqrashop.com,0,130211,0000-00-00
Powerbot.org,124987,427584,2014-09-01
CheatGamer.com,0,337122,0000-00-00
Avvo.com,0,1831760,0000-00-00
CashCrate.com,0,6457026,2016-11-17
Creocommunity.com,0,188684,2018-00-00
Forums.Cdprojektred.com,0,623161,0000-00-00
Dogewallet.com,0,22305,2014-01-00
StockX.com,6649299,8834477,2019-07-26
Gameshot.net,0,300062,2017-11-00
Duelingnetwork.com,5648717,6235508,2017-03-29
BlankMediaGames.com,3212007,3307652,2018-12-28
WorldPokerTour.com,0,89361,0000-00-00
Lotro.com,973602,918518,2013-08-00
Fotoboom.com,0,88498,0000-00-00
PvPWars.net,0,11825,0000-00-00
OmegaCraft.cl,0,1277,0000-00-00
EpicGames.com,84174,81674,2016-08-00
ShoppingBitcoins.com,0,2974,0000-00-00
Forums.xkcd.com,68730,269202,2019-07-01
Renren.com,0,3028497,2011-12-00
Bendercraft.ru,0,157376,0000-00-00
Elance.com,0,1253013,2009-01-01
Liancaijing.com,0,122871,0000-00-00
Hostinger,0,311577,0000-00-00
Mediafire.com,0,138534,0000-00-00
Frozencraft.ru,0,27607,2015-02-00
Forbes.com,0,266853,2014-02-15
Whitepages.com,0,2163135,2016-06-27
Stickam.com,504087,532797,2018-00-00
Playforceone.com,0,213127,0000-00-00
Coinmama.com,0,226604,2017-08-03
Xclan.org,0,11586,0000-00-00
GFAN.com,0,7291019,2016-10-10
Hautelook.com,0,13713293,2018-08-07
Mpgh.net,0,2669584,2015-10-22
PubPit.com,0,51178,0000-00-00
Kraken.com,0,14363,0000-00-00
Animoto.com,0,8619540,2018-07-10
R2Games.com,6844229,8173288,2015-11-01
Bleachanime.org,0,109612,2015-00-00
Corevin.com,0,730951,0000-00-00
Ueber18.de,0,496715,2017-01-00
EyeEm.com,346,3789821,2018-02-28
Roll20.net,0,1265528,2018-12-26
Canva.com,0,139213911,2019-05-24
Developers-Heaven.net,0,4169,2019-09-00
Hacker.co.kr,0,1352850,2010-00-00
Cannabis.com,0,204356,2014-02-00
Gamesnord.com,0,592573,0000-00-00
Moneyman.org,0,529719,0000-00-00
TintenProfi.ch,0,90076,0000-00-00
TheWarinc.com,0,869402,2012-07-00
Petflow.com,0,958784,2017-12-09
Shotbow.net,0,53490,2016-04-09
Hostmonster.com,0,36036,0000-00-00
Strongholdkingdoms.com,2892917,3763101,2018-07-04
Yahoo.com,0,74383177,2012-07-11
Justskins.com,0,2391,0000-00-00
ixigo.com,0,4274041,2019-01-03
Wealth-Start-Business.com,0,205335,0000-00-00
Toondoo.com,4651535,4912717,2019-00-00
Leet.cc,2183066,1989017,2016-02-00
Wonderpolls.com,0,118561,0000-00-00
Funny-Games.biz,0,714884,0000-00-00
Bit2Visitor.com,0,22853,0000-00-00
Klerk.ru,0,151048,2014-03-00
EpicNPC.com,0,58213,2016-01-02
Tunngle.net,5812367,15822558,2016-00-00
000webhost.com,0,14857564,2015-03-01
Forums.gre.net,0,46007,0000-00-00
Bitcoin.Lixter.com,0,2971,2014-09-00
Rekrute.com,0,579089,0000-00-00
Bitly.com,0,4662626,2014-05-00
Buxp.org,0,458970,2016-04-00
WeHeartIt.com,2177307,2373896,2013-11-00
Gamesforum.de,0,61062,0000-00-00
Qiannao.com,0,572726,2011-00-00
BlackHatProTools.net,0,71899,2018-07-00
Runelite.net,0,77858,0000-00-00
ConnectPress.com,0,335065,2013-00-00
Vps.it,0,46373,2017-12-00
Houzz.com,0,9221387,2018-05-23
Forums.Seochat.com,0,232837,0000-00-00
MyMiniGames.com,0,150846,0000-00-00
Ias100.in,0,152461,2017-00-00
Demonforums.net,38581,38809,2019-02-20
Estantevirtual.com.br,0,3402381,0000-00-00
Profitech.hu,0,87774,0000-00-00
Forums.LinuxMint.com,0,67109,0000-00-00
Oneland.ru,0,96991,2016-12-00
Storybird.com,0,686090,0000-00-00
MagazineDee.com,0,107346,2017-00-00
CraftBoard.pl,0,17974,2016-06-30
MangaTraders.com,0,843574,2014-06-09
Learnfrenchbypodcast.com,0,120492,0000-00-00
Kickstarter.com,0,2408521,2014-02-00
Dubsmash.com,17710152,22745646,2018-12-01
Cex.io,0,95959,0000-00-00
GameSalad.com,808552,1123387,2019-02-24
Forex-Investor.net,0,42680,0000-00-00
Over-blog.com,0,1904857,0000-00-00
Gameogre.com,0,193294,0000-00-00
Abandonia.com,0,14179,2015-11-00
Runescape.Backstreetmerch.com,0,167915,0000-00-00
Subagames.com,0,3421807,2016-09-00
Pokemoncreed.net,0,116637,2014-08-00
WarcraftRealms.com,0,129184,2019-00-00
Babynames.net,0,583026,2008-10-24
Coinbulb.com,0,569802,2018-00-00
Jobandtalent.com,0,5742191,2018-02-00
Cre8ASiteForums.com,0,22149,0000-00-00
ID.Zing.vn,0,22735442,0000-00-00
Forum.DvdRBase.info,0,40067,0000-00-00
BitcoinSecurity,0,9393718,2014-01-09
FuckJagex.com,0,1556785,2014-09-00
ClixSense.com,0,2221131,2016-08-00
Game.Kaidown.com,0,847467,0000-00-00
LBSG.net,9041565,9585681,2016-01-01
ForumCommunity.net,0,745631,2016-06-01
Void.to,0,14819,2019-06-13
NaughtyAmerica.com,0,398394,2016-03-00
GameTuts.com,0,1121822,2015-03-01
SumoTorrent.sx,0,249654,2016-04-00
Edaboard.com,0,347998,2015-00-00
Gamecom.com,0,1003348,0000-00-00
Rewasd.com,0,102086,2019-09-00
Moneycontrol.com,0,29873,0000-00-00
SafeSkyHacks.com,0,2222,2016-11-00
Coinpot.co,0,130895,0000-00-00
MyFitnessPal.com,47577402,48975280,2018-02-01
Rgbdirect.co.uk,0,146043,0000-00-00
Jobmada.com,0,18791,0000-00-00
WorldCraftEros.net,0,2270,0000-00-00
Funimation.com,587855,848158,2016-07-01
Acne.org,0,233197,2014-11-25
Wanelo.com,0,3011743,2018-12-13
Euronote.hu,0,361152,0000-00-00
Gatehub.net,65574,338837,2019-06-04
8Tracks.com,6109540,11254194,2017-06-27
Hitlerattacks.com,0,944,0000-00-00
Openraid.org,0,253709,0000-00-00
Imgur.com,0,1746651,2013-09-01
ArmorGames.com,8636120,9109593,2019-01-01
Morele.net,0,864182,2018-10-10
Viperc.net,0,2442,0000-00-00
Payasugym.com,0,284644,2016-12-00
Bizbilla.com,0,168848,0000-00-00
Facepunch.com,0,258835,2016-06-03
SpellForce.com,0,109987,0000-00-00
Coachella.com,0,205215,2017-02-00
Mycube.ru,0,206183,2017-00-00
Dating.de,0,511384,2016-06-00
Hydrogenplatform.com,0,29471,0000-00-00
Eletroplus.blogspot.com,0,74158,0000-00-00
Fitbit.com,0,1997430,0000-00-00
Tibia.net.pl,0,341398,2016-00-00
Nihonomaru.net,0,1555849,2015-04-00
Techimo.com,0,300125,2017-01-00
Lookbook.nu,0,1071282,2016-05-00
VaroxCraft.de,0,1425,0000-00-00
Shadi.com,0,2016544,2016-07-00
Chegg.com,0,29892713,2018-04-00
MortalOnline.com,572992,608796,2018-06-17
Mate1.com,0,27184842,2015-11-00
Go4EngineeringJobs.com,0,171622,0000-00-00
Bitshacking.com,0,31697,2014-03-00
HazeCash.com,0,800257,2017-01-00
Spohesap.com,0,6188,0000-00-00
TeamExtremeMc.com,0,70393,2015-04-00
BitsCircle.com,0,18956,0000-00-00
Marketdownload.com,0,104315,2017-00-00
Zloadr.com,0,8714,0000-00-00
Onebip.com,0,1890269,2017-10-00
EmuParadise.me,730812,757331,2018-04-01
VanityMC.co,0,9550,0000-00-00
Forums.Manacube.com,0,52531,0000-00-00
NexusMods.com,4843232,5409370,2013-07-22
Instaforex.com,0,263385,0000-00-00
Kaboom.su,0,77006,2015-10-00
Redbox.com,0,246921,0000-00-00
Faucethub.io,0,547991,0000-00-00
Btc60.net,0,52146,0000-00-00
Gametag.com,0,208066,2017-11-00
Psyonix.com,0,979504,0000-00-00
Intellego.com,0,478183,0000-00-00
YingjieSheng.com,0,728391,0000-00-00
Cracked.to,0,23582,2019-07-21
DLH.net,0,3139638,2016-07-31
Windhanenergy.io,0,56411,0000-00-00
Poshmark.com,7301467,38202469,2018-05-16
CraftApple.com,0,2877,2016-06-30
HackGive.me,0,36342,2017-08-00
Aptoide.com,0,6089260,2020-04-13
Cryptostar.asia,0,19384,2020-00-00
Exerion.pl,0,85024,2020-03-20
FlashGames.it,878471,1051185,2020-03-26
LiveJournal,32445875,27271568,2017-01-01
Mobifriends,2968830,3102274,2020-00-00
Ogusers,133737,222169,2020-04-02
Oneservers.su,35943,36247,2019-08-00
rbx.rocks,20905,22754,2018-08-06
Silkroad,4546006,0,2012-00-00
Sminecraft,105986,104162,2020-00-00
Storenvy,1183109,1651151,2019-04-00
Tailieu.vn,6661530,8268758,2019-11-24
Webkinz,11457317,806177,2020-04-00
Zorotex,0,16299,2019-08-00
Zynga,30890178,180710218,2019-09-01
Romwe.com,0,16255003,2018-00-00
Stalker.so,0,524606,2020-05-00
Omgpop,0,6938477,2019-08-00
Villavu.com,0,121097,2014-00-00
Animalfuckwoman.org,0,108835,2019-00-00
Edmodo,6611941,6151821,2017-05-11
AnimeGame.me,0,2083505,2020-02-27
Characters.net,0,133268,0000-00-00
Ticketclub.it,0,85114,2019-00-00
Vasthushop.com,0,2264,2019-00-00
GameSprite.me,0,984328,2019-12-00
Sylhetaid.co.uk,0,60909,0000-00-00
AndroidForums.com,0,454148,2011-10-30
PESGaming.com,0,144686,0000-00-00
Trackmill.com,0,339038,0000-00-00
Heatgames.me,0,152628,0000-00-00
Potico.es,0,109457,0000-00-00
Wiccanos.es,0,12400,0000-00-00
iBreatheMusic.com,0,17632,0000-00-00
forums.idcgames.com,0,199251,2019-12-00
Instantfuns,59270,24840,0000-00-00
SiliconIndia.com,0,797747,0000-00-00
GladiatorHits.com,0,8903,2017-11-00
BarefootConfidential.com,0,48693,0000-00-00
BuyMixtapes.com,0,32221,2017-11-00
EliteMeeting.com,0,551386,2015-01-00
VK,0,83786852,2012-01-01
forums.freegame2017.com,796969,851065,2019-12-00
Smavideo.com,6965,0,0000-00-00
Dalaran-WoW.com,49985,0,2018-05-00
ggcorp.me,234100,0,2019-12-00
Joyfun.com,365349,0,2019-00-00
WoWSolvus.es,274598,0,2017-03-00
VDragonball,91008,0,0000-00-00
mail.ru,0,4420521,2014-09-10
Vivagames.com,0,233960,0000-00-00
OVH,0,526145,2015-05-01
Last.fm,6328208,80504179,2012-07-22
Quidd.co (2019),124654,531057,2019-07-01
8fit.com,0,1120891,2018-07-01
ShareThis.com,0,73526635,2018-07-09
Ozon.ru,0,456158,2014-00-00
3DSISO.com,0,50479,2015-09-00
AarinFantasy.com,0,222420,2016-10-00
4m.net,0,42777,2016-00-00
4Metin.org,0,35218,0000-00-00
Amplitude-Studios.com,0,31903,2016-05-00
BCWars.com,0,98410,2011-03-00
Bistudio.com,0,170436,2016-04-00
ArmyForceOnline.com,0,924562,2016-05-18
BeatingBonuses.com,0,25436,2017-01-00
Bot of Legends,0,145547,2014-11-13
CDProjektRed.com,0,623161,2016-03-00
Cod247.com,0,19254,2016-02-00
Aipai.com,0,5122669,2016-09-27
CheapAssGamer.com,0,337126,2015-00-00
ChessHere.com,520108,0,2016-08-00
CorruptionX.com,0,101103,2014-10-00
CounterStrike.cn,0,332896,0000-00-00
DayZ.com,155383,167956,2016-04-00
CreativeScape.net,0,143728,2015-06-00
DCEmu.co.uk,0,416176,2015-10-00
DDO.com,1455263,1480764,2013-04-02
Diddl.pl,0,96908,0000-00-00
DoylesRoomPoker.com,0,47878,0000-00-00
EloBuddy.com,0,72330,2016-05-00
ExplosiveGaming.com,0,57402,2015-09-00
FlashFlashRevolution.com,1610581,1745683,2019-07-21
EuroMilhoes.com,0,17165,2015-05-00
FashionFantasyGame.com,0,2360256,2016-12-01
GamesBites.com,0,52841,2012-09-00
GamesForum.com,0,73552,2017-01-00
GameTurk.com,0,387680,2015-11-00
GamerzPlanet.net,0,882507,2015-10-00
Gamigo.com,0,8218576,2012-07-00
HLTV.org,274458,0,2016-06-00
I-Dressup.com,0,2197080,2016-08-00
ILikeCheats.com,0,133214,2015-05-00
Evony.com,2848821,28229208,2016-07-00
gPotato.com,0,1958448,2007-00-00
Gamevn.com,0,1003351,0000-00-00
HiveWorkShop.com,0,62582,2016-04-00
LucasForums.com,0,133252,2016-05-00
m2bob.net,165389,0,0000-00-00
MMOGames.com,0,86045,0000-00-00
MMOKings.com,0,82353,2015-00-00
Mumayi.com,0,14670,2011-05-00
MSPAforums.com,93800,237755,2016-03-00
NordicGames.at,0,594124,2016-03-00
OnVerse.com,600572,663468,2016-01-00
Pokebip.com,235534,703729,2015-07-28
OverPro.ru,0,79711,0000-00-00
OwnedCore.com,749181,788973,2013-08-00
PlayInter.com,0,142797,2016-08-00
PSPISO.com,0,885671,2015-09-25
PSX-Scene.com,0,264854,2016-05-00
RSBoards.com,0,127544,2013-08-00
RuneCrypt.com,0,23376,0000-00-00
Solomid.net,0,271266,2014-11-00
PS3Hax.net,0,314007,2015-07-01
Rewardit.com,0,95755,0000-00-00
TFPortal.de,0,6271,0000-00-00
Sythe.org,0,200542,2014-11-00
Tip.it,0,149591,2007-00-00
VIPenguin.com,0,38314,2016-07-00
WarcraftMovies.com,0,335388,2015-12-00
WarSeer.com,0,69524,2016-07-00
WiiUISO.com,0,273896,2015-09-00
Xbox-Scene.com,0,327517,2015-02-01
Xbox360ISO.com,0,1019700,2015-09-25
Xsyon.com,0,58785,2017-00-00
Zybez.net,0,106085,2016-02-00
17.media,0,1594775,2016-03-00
ABC.net.au,0,46984,2013-02-00
Anime-Planet.net,0,146570,2016-01-01
AnimuTank.com,0,71281,2016-01-00
AutoCentrum.pl,0,143482,2018-02-04
AutoHotKey.com,0,10915,2015-02-00
Avast.com,0,218474,2014-05-26
Badoo.com,0,121509728,2013-07-01
BitTorrent.com,0,16360,2016-01-00
BloggToppen.se,0,89436,0000-00-00
Bolt.cd,0,618524,2017-03-01
BTCF.fi,0,3220,2016-04-00
BTUN.net,0,111239,2013-00-00
CardingMafia.ws,0,28853,2016-02-00
ClickPay24.ru,0,2436,0000-00-00
CrackingForum.com,0,467399,2015-00-00
Daemon-Tools.сс,0,169884,0000-00-00
DaFont.com,0,661115,2017-05-16
DFB.de,0,2657556,0000-00-00
DrinkSite.com,0,179737,2016-00-00
Dropbox.com,0,25826246,2012-07-01
DTBooterCompilation,0,91856,0000-00-00
EAPMovies.com,0,73397,0000-00-00
EazySubs.com,0,24265,2011-10-00
Education.Zyxel.com,0,29068,0000-00-00
EliteFitness.com,0,334740,2015-12-00
Collection 1,21880472,231052257,2019-01-19
Eroticy.com,0,1534375,2015-06-00
EsandarecRuitment.com,0,9277,0000-00-00
FL.ru,0,113870,2015-02-00
FoN,0,26266,0000-00-00
ForumFree.it,0,892832,2016-06-00
FrumTeens.com,0,10932,0000-00-00
GiorGiotave.it,0,60083,0000-00-00
GratisGodis.se,0,254109,0000-00-00
HostSearch.com,0,55890,2015-10-00
Im286.net,0,334281,2016-11-00
InBoot.me,0,75813,2016-07-00
InterPals.net,0,2059053,2015-11-04
Izzit.org,0,224079,2016-02-00
Libero.it,0,417805,2016-07-00
LifeTip.iCross.co.kr,0,1045373,2017-04-00
LovingFerrets.com,0,134978,2016-02-00
MajorGeeks.com,0,173207,2015-11-15
MalwareBytes.org,48618,81304,2014-11-15
MangaFox.me,0,368497,2016-07-01
MechoDownload.com,0,297300,2013-10-00
MilitarySingles.com,0,142551,0000-00-00
MoDaCo.com,0,446982,2016-01-00
MuslimMatch.com,0,50571,2016-06-00
MyRepoSpace.com,0,211524,2015-04-00
NodusGriefing.com,0,42094,2012-12-00
Nulled.io,467503,502754,2016-05-06
OshoWorld.com,0,57190,0000-00-00
Oulfa.fr,0,264811,2015-00-00
OwnagePranks.com,0,75274,2016-08-00
PCMasters.de,0,37983,2016-07-00
Planet3dnow.de,0,46891,2016-09-00
Plex.tv,0,122585,2015-00-00
PPCGeeks.com,0,297479,2016-08-00
ProgrammingForums.org,445034,155,2015-00-00
RemoteStaff.com.au,0,72932,2016-03-00
RN.org,0,259220,2016-02-00
Scam.com,0,293043,2016-00-00
Sciax2.it,0,221116,0000-00-00
Sensimillalebest,0,15942,2016-04-00
Short-Fiction.co.uk,0,11064,2016-05-00
ShowMe.com,0,452692,2017-00-00
Sirumem.com,0,70468,2015-09-00
Superbetter.com,0,34015,2017-01-00
TheBot.net,0,72218,2012-08-00
TienGanh.com.vn,0,384212,0000-00-00
TodoTorrents.com,0,521173,0000-00-00
Torrent-Invites.com,223999,228332,2016-08-00
Type-Together.com,0,58026,0000-00-00
VBForums.com,0,129758,2016-07-00
vBulletin.org,0,413396,2016-03-00
VHB.com,0,14258,2015-04-00
ViralNugget.com,0,27756,0000-00-00
Youku.com,0,98216693,2016-12-01
ZeroToHundred.com,0,104213,2016-07-00
Zoosk.com,0,51593101,2011-01-01
Socialkit.ru,0,36505,0000-00-00
Ulmon.com,0,122502,2020-01-26
LinkedIn.com,0,54476656,2012-05-05
D3scene.com,0,409544,2019-06-11
FirstVDS,0,27207,2012-08-14
vkmix.com,1565568,1816043,2020-03-00
xSplit,2759189,4412587,2013-11-07
Dailymotion/Dropbox/Canva/8fit Compilation,0,396562,0000-00-00
PinPics.com,0,35647,0000-00-00
Akiba-Heroine.com,0,158540,0000-00-00
BollywoodHunts.com,0,87133,0000-00-00
Anidub,0,20419,2018-08-00
Warmane.com,0,834919,2016-12-01
Shein.com,0,21115951,2018-06-01
Wishbone.io,7996562,8720942,2020-01-28
Screenblaze.com,0,260256,2017-00-00
MySpace.com,94546438,336547108,2008-07-01
DailyBooth.com,0,1029945,2020-05-00
CafeMom.com,0,2628025,2014-04-10
Sprashivai.ru,11590995,12816712,2015-05-11
LastCraft,0,31904,2019-00-00
TimeCraft,0,2348,2018-00-00
Evite.com,0,10971532,2013-08-11
Neopets.com,61768568,32474454,2013-05-05
Disqus.com,0,19504897,2012-07-01
Konduit,152669,161849,2020-05-00
Cristalix,49174,49883,2018-00-00
Ultraflix.com,0,602037,2020-05-12
ShortTask.com,0,199595,2020-05-12
Sonicbids.com,0,161275,2020-01-00
Nulled.ch,20097,20182,2020-05-20
Waydate.com,99627,100336,2018-00-00
Primegaming,0,9427,2016-05-00
Lifebear.com,1696413,1817930,2019-02-28
Mashacker.com,218891,228019,2020-02-06
Celebriti.com,0,97354,2020-05-00
AdultFriendFinder,110299763,108470726,2016-10-16
Taringa.net,26653470,26882333,2017-08-01
Twitter.com,1576451,23703260,2016-00-00
Chronicle.com,1356629,1335903,2020-05-30
Comcast,0,590123,2015-11-08
F.elex.com,0,16744,2016-07-00
HiAPK.com,1761451,7070878,2014-01-01
Crautos.com,0,206571,0000-00-00
AshleyMadison.com,15728896,4260,2015-07-19
TechnicPack.net,35525,36810,2018-11-00
Sreda.photo,0,24017,2020-05-00
SoulSplit,0,1517,0000-00-00
Weddbook.com,0,40952,2020-03-18
BlackSpigot.com,225363,12884,2019-07-14
Minube.com,815918,1034494,0000-00-00
Zomato.com,0,618181,2017-05-17
Epicbot.com,632978,643019,2019-09-01
GoGames.me,1992926,2101057,2015-10-00
Kotofoto.ru,0,15655,2019-11-30
Nexva.com,0,78443,2020-02-00
Socialengineered.net,31191,32104,2019-06-00
360icons.com,30396,30714,2013-11-00
ikov.io,252369,0,2015-01-00
PocketGamer.co.uk,27372,31395,2018-00-00
PokeCommunity.com,243885,257657,2013-01-00
LyricsMania.com,102239,107436,2017-12-00
LeoTVHD.com,0,24128,2017-00-00
Mathway.com,0,15972298,2020-01-13
PoliceOne.com,431692,466437,2014-07-01
SaintsCraft,0,2987,2020-06-00
mariage.fr,0,25266,2018-00-00
newseasims.com,202862,44061,2016-08-00
Pasteware.team,0,681,2020-04-00
Fling.com,36024062,40678431,2011-03-10
JobTH.com,0,2378161,2019-00-00
Raetsel.de,0,28474,2016-08-00
CouponMom / ArmorGames,0,11023029,2014-02-08
FunFaceCam.com,16042,17116,2019-10-00
Foodora.com,0,271384,2016-04-22
Avito.ru,0,28113803,2017-00-00
TheFaveApp.com,0,563410,2016-00-00
VipHackForums.net,22982,24360,2014-00-00
Forum.CallOfGods.com,111424,114678,2017-02-00
LeKoolGames.com,2005509,0,2020-01-00
BellTreeForums.com,49275,51753,2016-00-00
IllegalPlanet.com,440,449,2020-06-00
Dirtycode.io,16910,21794,2020-06-00
PlanetCalypso.com,43092,43907,2019-07-01
MeFeedia.com,0,2126054,2020-05-00
SwordFantasy,1629101,1670449,2017-00-00
HackForums.net,117267,124415,2011-06-25
Gigasize.com,0,1886070,0000-00-00
DayCrafts.ru,39374,40797,2016-11-00
Tamodo.com,0,4140,2020-02-00
TGBUS.com,7184454,5486368,2017-00-00
Mac-forums.com,104357,106379,2016-07-00
Forum.Warmane.com,870150,879506,2016-12-00
Alora.io,0,95839,2018-00-00
Forum.excalibur-craft.ru,238525,0,2016-00-00
Kvadroom.ru,0,17580,2019-12-00
Gaadi.com,143944,158593,2015-05-00
Pokémon Negro,0,784484,2016-10-00
xHamster.com,0,356113,2013-07-00
XRP.io,0,673,2020-07-01
1xbet.com,0,74770,0000-00-00
ElementalGame.com,2076170,2107036,2013-00-00
OnthiOnline.net,0,176527,2017-00-00
Sinlyxe.cc,523,306,2020-07-00
WiiHacks.com,402343,903697,2013-09-00
Taobao.com,0,14744657,2012-01-01
7k7k.com,0,7369465,2011-01-01
Wattpad.com,26676767,272476329,2020-06-00
Stressing.ninja,2316,2492,2020-03-21
Catho.com,705506,1194381,2020-03-00
Diet.com,0,26981,2014-08-00
AlpineReplay.com,205712,265697,2020-07-00
RewardStyle.com,0,55393,2020-07-00
LiveAuctioneers.com,0,2892228,2020-07-00
Jardcs.org,0,4723,2020-07-00
Omaze.com,0,31955,2020-07-00
VampireFreaks.com,898060,999966,2019-00-00
Hurb.com,0,4512879,2020-07-00
Dave.com,0,211147,2020-06-28
Scentbird.com,0,744758,2020-07-00
Promo.com,0,1369361,2020-06-22
Havenly.com,0,445122,2020-06-00
TrueFire.com,539738,566115,2020-06-00
Chatbooks.com,0,1191682,2020-06-00
Indabamusic.com,0,475174,2020-07-00
Ivoy.mx,0,109729,2020-07-00
Gamers.nu,73855,86053,2012-00-00
Appen.com,0,1491,2020-07-00
Proctoru.com,0,95287,2020-07-00
Vakinha.com.br,0,82106,2020-07-00
Swvl.com,0,153496,2020-07-00
Drizly.com,0,363487,2020-07-00
BeyondUnreal,0,14600,2018-00-00
Ggunim.co.kr,0,147256,2020-07-00
WifeLovers.com,0,1005884,2018-00-00
IngjieSheng.com,0,725747,0000-00-00
Weibo.com,0,3025855,2011-00-00
AtzenShop.de,0,26751,2020-08-00
GamerSoul.com,0,62498,2020-05-00
Forums.SoarGames.com,534430,573204,2019-12-00
Telefon-Treff.de,0,165153,2020-07-00
Forum.Nicemc.ru,0,40725,2017-01-27
iCracked.com,0,9168,0000-00-00
Patreon.com,0,192257,2015-10-02
Scriptnull.com,0,32315,0000-00-00
LeakPeek.com,0,658,2020-08-00
ShockGore.com,0,37448,0000-00-00
DataCamp.com,0,59649,2017-01-30
Plibber.ru,0,320057,0000-00-00
UnicoCampania.it,0,163919,2020-01-00
UtahGunExchange.com,0,11870,2020-08-00
Pampling.com,0,342143,2020-01-00
Joygame.com,0,624880,2020-01-00
Heavy-R.com,0,121030,2020-00-00
StreamCraft.net,424550,494334,2020-07-00
m4maths.com,0,1074189,2020-08-00
Xado.us,0,11344,2020-09-16
ZooVille.org,0,8300,2019-09-00
Quidd.co (2020),0,237321,2020-00-00
Homechef.com,0,535531,2019-00-00
Braingenie.ck12.org,0,115207,2019-00-00
HelloTravel.com,0,6359,2020-00-00
bbicecream.com,0,63777,2015-10-00
ActionNetwork.com,0,100526,2019-12-00
AntiAgent.ru,0,52575,2020-09-00
LongFiles.com,0,41739,2020-01-00
Photohost.ru,0,19236,0000-00-00
vstomp.hotoneaudio.com,0,17896,0000-00-00
BrandNewTube.com,86992,90145,2020-10-10
Sweclockers.nu,119960,125419,2015-06-00
Piggyback.com,0,393169,0000-00-00
VimeWorld.ru,4346599,4467553,2018-00-00
Prospero.ru,17896,21026,2020-10-00
Rematazo.com,0,430741,2020-00-00
Esports.pl,39672,45542,0000-00-00
PromoFarma.com,0,537790,2019-08-00
StarTribune.com,37758,54634,2020-10-00
Minted.com,0,4737970,2020-02-00
TheWinkStore.com,0,225628,2020-10-30
Rzd-bonus.ru,0,266202,2020-11-00
HTCMania.com,0,1039083,2020-01-00
BattleRoyaleForums.com,28997,30042,0000-00-00
Glofox.com,0,1427898,2020-11-00
Konkurent.ru,0,1451,2020-11-00
Redmart.lazada.sg,0,885750,2020-11-00
Eatigo.com,0,932726,2020-11-00
AnimalJam.com,14555039,1251355,2020-10-00
123RF.com,7528880,7691590,2020-03-00
Newmeet.com,0,1078441,2017-00-00
Shopback.com,0,5268197,2020-05-00
Eskimi.com,21651527,1084450,2020-09-25
Famm.us,0,946850,2020-10-00
Geniusu.com,0,15875,2020-03-00
Peatix.com,0,764194,2019-01-00
IIMjobs.com,0,1300214,2020-11-00
Cit0day,0,79394473,0000-00-00
MemoryBreak.com,33807,37948,2020-11-14
Pluto.tv,0,3378910,2018-10-00
TheMafiaBoss.com,14546,16410,2019-09-25
Anijan.com,1300262,1390898,0000-00-00
Forums.vkmonline.com,344321,558923,2020-12-00
JoyGames.me,2589270,2730359,2020-12-11
Gsmhosting.com,1707752,1901957,2016-00-00
Ledger.com,0,1074419,2020-06-00
Universarium.ru,0,564957,2019-11-00
Bbgpoint.com,0,33177,2020-12-00
Bankir.ru,21447,26557,0000-00-00
Havenly.com (2021),0,494045,2021-00-00
Searchengines.ru,67278,73291,2016-00-00
Photolamus.com,0,11413,2020-12-06
lolzteam.net,0,398047,2019-03-00
Rubukkit.org,0,98342,2017-00-00
Bookmate.com,0,3825743,2018-07-08
Pixlr.com,0,1905998,2020-03-00
Bonobos.com,0,158965,2020-00-00
Wongnai.com,0,799782,2020-00-00
Nmmoney.xyz,0,128951,0000-00-00
Buyucoin.com,0,27027,2020-00-00
Jefit.com,0,2861398,2020-06-00
GoNitro.com,0,450042,2020-09-00
MeetMindful.com,0,497554,0000-00-00
Learnable.com,0,85072,0000-00-00
