Database Name,Database DL Link,Database URL Source,Captcha,Direct
[Ezine] b1gh4x,http://siph0n.net/exploits.php?id=4703,http://siph0n.net/leaks.php?page=3,,
[http://chm.moew.government.bg] + SQLi,http://siph0n.net/exploits.php?id=1029,http://siph0n.net/leaks.php?page=15,,
[http://www.fiestacrafts.co.uk] + SQLi,http://siph0n.net/exploits.php?id=1290,http://siph0n.net/leaks.php?page=13,,
[http://www.neaa.government.bg] + SQLi,http://siph0n.net/exploits.php?id=1030,http://siph0n.net/leaks.php?page=15,,
#1 SEO + LInkbuilders pwned,http://siph0n.net/exploits.php?id=1154,http://siph0n.net/leaks.php?page=14,,
#Leaked & Dump nike.com,http://siph0n.net/exploits.php?id=979,http://siph0n.net/leaks.php?page=16,,
#Leaked &amp; Dump http://valuejockey.com,http://siph0n.net/exploits.php?id=977,http://siph0n.net/leaks.php?page=16,,
+300 Uber Accounts,http://siph0n.net/exploits.php?id=4518,http://siph0n.net/leaks.php?page=5,,
100+ Cock.li Logins,http://siph0n.net/exploits.php?id=4463,http://siph0n.net/leaks.php?page=5,,
10GB - Syrian Government Leak,http://siph0n.net/exploits.php?id=4631,http://siph0n.net/leaks.php?page=4,,
39K www.epilepsymichigan.org personal info,http://siph0n.net/exploits.php?id=4797,http://siph0n.net/leaks.php?page=2,,
5798 Email Here are the list of User ID and Pass,http://siph0n.net/exploits.php?id=1108,http://siph0n.net/leaks.php?page=14,,
6717000.com Database Leak,http://siph0n.net/exploits.php?id=972,http://siph0n.net/leaks.php?page=16,,
7.6k perchCMS hashes,http://siph0n.net/exploits.php?id=4369,http://siph0n.net/leaks.php?page=6,,
Aadi Infotech CMS - SQL Injection,http://siph0n.net/exploits.php?id=3898,http://siph0n.net/leaks.php?page=10,,
"accg.tv, mercurymotors.net + 3 #CatCorp @KittyGods",http://siph0n.net/exploits.php?id=7857,http://siph0n.net/leaks.php,,
Acparadise.com_2016_55k_phpbb.csv,http://siph0n.net/exploits.php?id=4809,http://siph0n.net/leaks.php?page=2,,
allaboutthegames.co.uk,http://siph0n.net/exploits.php?id=4685,http://siph0n.net/leaks.php?page=3,,
anglia.ac.uk shadow + passwd file,http://siph0n.net/exploits.php?id=4825,http://siph0n.net/leaks.php?page=2,,
Aol Hacked,http://siph0n.net/exploits.php?id=1140,http://siph0n.net/leaks.php?page=14,,
asaigo.org.ar,http://siph0n.net/exploits.php?id=1080,http://siph0n.net/leaks.php?page=14,,
asihp.net,http://siph0n.net/exploits.php?id=1144,http://siph0n.net/leaks.php?page=14,,
Asus UK 2016 Database,http://siph0n.net/exploits.php?id=4484,http://siph0n.net/leaks.php?page=5,,
audio-express.co.uk #EMAILS @KittyGods,http://siph0n.net/exploits.php?id=7855,http://siph0n.net/leaks.php,,
awebux.com + SQLi,http://siph0n.net/exploits.php?id=1034,http://siph0n.net/leaks.php?page=15,,
Bangladesh Police Database leaked,http://siph0n.net/exploits.php?id=4687,http://siph0n.net/leaks.php?page=3,,
Besa Mafia 2,http://siph0n.net/exploits.php?id=4779,http://siph0n.net/leaks.php?page=2,,
Big Shop Leak,http://siph0n.net/exploits.php?id=1340,http://siph0n.net/leaks.php?page=13,,
biotechcenters.com,http://siph0n.net/exploits.php?id=1072,http://siph0n.net/leaks.php?page=14,,
Booter/Stresser DB bundle,http://siph0n.net/exploits.php?id=4440,http://siph0n.net/leaks.php?page=6,,
Boutique off Broadway | +1k accounts dump by XVII,http://siph0n.net/exploits.php?id=1284,http://siph0n.net/leaks.php?page=13,,
BSNL.in Hacked,http://siph0n.net/exploits.php?id=1304,http://siph0n.net/leaks.php?page=13,,
business.toshiba.com #AnonSec,http://siph0n.net/exploits.php?id=1824,http://siph0n.net/leaks.php?page=13,,
BuzzMachines.com 40k+,http://siph0n.net/exploits.php?id=4560,http://siph0n.net/leaks.php?page=4,,
bwcrank.com @NullSploit,http://siph0n.net/exploits.php?id=4742,http://siph0n.net/leaks.php?page=3,,
casadelacultura.gob.ec,http://siph0n.net/exploits.php?id=4969,http://siph0n.net/leaks.php,,
catalogobiblioteca.agro.uba.ar,http://siph0n.net/exploits.php?id=1081,http://siph0n.net/leaks.php?page=14,,
chicagoriders.us dump,http://siph0n.net/exploits.php?id=4803,http://siph0n.net/leaks.php?page=2,,
chm.moew.government.bg sqli+leak,http://siph0n.net/exploits.php?id=985,http://siph0n.net/leaks.php?page=16,,
Cocoa Board Ghana,http://siph0n.net/exploits.php?id=1312,http://siph0n.net/leaks.php?page=13,,
Contribution to siph0n - 186k Lines,http://siph0n.net/exploits.php?id=1036,http://siph0n.net/leaks.php?page=15,,
Contribution to siph0n - 186k Lines,http://siph0n.net/exploits.php?id=1036,http://siph0n.net/leaks.php?page=15,,
cs.union.edu #minidump @KittyGods #CatCorp,http://siph0n.net/exploits.php?id=7863,http://siph0n.net/leaks.php,,
ct.gov (@HostileSec),http://siph0n.net/exploits.php?id=4938,http://siph0n.net/leaks.php,,
customs.gov.ye,http://siph0n.net/exploits.php?id=1074,http://siph0n.net/leaks.php?page=14,,
cxc.harvard.edu,http://siph0n.net/exploits.php?id=4926,http://siph0n.net/leaks.php,,
Dark Army Zine 2 (@D4rkArmy),http://siph0n.net/exploits.php?id=4917,http://siph0n.net/leaks.php,,
Databases for sale! by @sudosensitive,http://siph0n.net/exploits.php?id=4385,http://siph0n.net/leaks.php?page=6,,
Deface vumafm.co.za,http://siph0n.net/exploits.php?id=1175,http://siph0n.net/leaks.php?page=14,,
DHS - 9380 leaked records.,http://siph0n.net/exploits.php?id=4470,http://siph0n.net/leaks.php?page=5,,
digitimes.com,http://siph0n.net/exploits.php?id=1199,http://siph0n.net/leaks.php?page=13,,
Dkp-niedersachsen.de_2016_100_phpbb,http://siph0n.net/exploits.php?id=4812,http://siph0n.net/leaks.php?page=2,,
dogoka.gov.tr etc leak,http://siph0n.net/exploits.php?id=1137,http://siph0n.net/leaks.php?page=14,,
domainstream.se swedish domain selling site,http://siph0n.net/exploits.php?id=3755,http://siph0n.net/leaks.php?page=11,,
Dump & Leak Site [www.ordre-medecins.org.tn],http://siph0n.net/exploits.php?id=978,http://siph0n.net/leaks.php?page=16,,
Email LEaks,http://siph0n.net/exploits.php?id=1174,http://siph0n.net/leaks.php?page=14,,
EpicBot DB leak,http://siph0n.net/exploits.php?id=4439,http://siph0n.net/leaks.php?page=6,,
Europass Romania @TeamBerserks,http://siph0n.net/exploits.php?id=1048,http://siph0n.net/leaks.php?page=15,,
eventtravel.com.ua,http://siph0n.net/exploits.php?id=1201,http://siph0n.net/leaks.php?page=13,,
"FBI - 22,175 leaked records",http://siph0n.net/exploits.php?id=4469,http://siph0n.net/leaks.php?page=5,,
FBI DB HACKED,http://siph0n.net/exploits.php?id=4957,http://siph0n.net/leaks.php,,
FijiLive Full Database 140k lines,http://siph0n.net/exploits.php?id=4699,http://siph0n.net/leaks.php?page=3,,
fims.co.za,http://siph0n.net/exploits.php?id=966,http://siph0n.net/leaks.php?page=16,,
Fiyo CMS 2.0_1.9.1 - SQL Injection,http://siph0n.net/exploits.php?id=3897,http://siph0n.net/leaks.php?page=10,,
florida.gov,http://siph0n.net/exploits.php?id=4936,http://siph0n.net/leaks.php,,
Florissant Police Department Officer d0x,http://siph0n.net/exploits.php?id=1836,http://siph0n.net/leaks.php?page=13,,
FourDollarClick.com_2016_46k,http://siph0n.net/exploits.php?id=4813,http://siph0n.net/leaks.php?page=2,,
FunOfficePools.com_2016_60k,http://siph0n.net/exploits.php?id=4910,http://siph0n.net/leaks.php,,
gatorade hacked http://107.22.175.202/,http://siph0n.net/exploits.php?id=981,http://siph0n.net/leaks.php?page=16,,
GEPL dump | 2000 logins dump by XVII,http://siph0n.net/exploits.php?id=1206,http://siph0n.net/leaks.php?page=13,,
Ghana Post Vulns,http://siph0n.net/exploits.php?id=1309,http://siph0n.net/leaks.php?page=13,,
giaccheverdi.it defaced by XVII,http://siph0n.net/exploits.php?id=1306,http://siph0n.net/leaks.php?page=13,,
Gov Canadian,http://siph0n.net/exploits.php?id=3539,http://siph0n.net/leaks.php?page=13,,
Government FTP Servers,http://siph0n.net/exploits.php?id=4455,http://siph0n.net/leaks.php?page=6,,
gracia.assemblea.cat #hacked . @luZ1f3R_darknet,http://siph0n.net/exploits.php?id=8540,http://siph0n.net/leaks.php,,
Gramweb.net Hacked,http://siph0n.net/exploits.php?id=4952,http://siph0n.net/leaks.php,,
HackDiscussion Database Leak,http://siph0n.net/exploits.php?id=4437,http://siph0n.net/leaks.php?page=6,,
HackersNation User Table,http://siph0n.net/exploits.php?id=4436,http://siph0n.net/leaks.php?page=6,,
hc stealer,http://siph0n.net/exploits.php?id=1352,http://siph0n.net/leaks.php?page=13,,
"Heartbleed California (5262 Net Dumps, 810 Keys)",http://siph0n.net/exploits.php?id=4824,http://siph0n.net/leaks.php?page=2,,
"Heartbleed Colorado - (327 Net Dumps, 78 RSA Keys)",http://siph0n.net/exploits.php?id=4808,http://siph0n.net/leaks.php?page=2,,
"Heartbleed Texas (1080 Net Dumps, 332 RSA Keys)",http://siph0n.net/exploits.php?id=4806,http://siph0n.net/leaks.php?page=2,,
Hotfile.pw db/files,http://siph0n.net/exploits.php?id=4781,http://siph0n.net/leaks.php?page=2,,
htb.gov.ye,http://siph0n.net/exploits.php?id=1198,http://siph0n.net/leaks.php?page=13,,
htb.gov.ye,http://siph0n.net/exploits.php?id=1073,http://siph0n.net/leaks.php?page=14,,
http://000webhost.com/forum/,http://siph0n.net/exploits.php?id=4367,http://siph0n.net/leaks.php?page=6,,
http://1394store.com,http://siph0n.net/exploits.php?id=4760,http://siph0n.net/leaks.php?page=3,,
http://334bkn7o7ffp6p7a.onion - GOTMILK Pharmacy,http://siph0n.net/exploits.php?id=3832,http://siph0n.net/leaks.php?page=10,,
http://8teenxxx.com,http://siph0n.net/exploits.php?id=4546,http://siph0n.net/leaks.php?page=4,,
http://99Fame.com,http://siph0n.net/exploits.php?id=4521,http://siph0n.net/leaks.php?page=5,,
http://abc.es,http://siph0n.net/exploits.php?id=3839,http://siph0n.net/leaks.php?page=10,,
http://aboutus.sabay.com + SQLi,http://siph0n.net/exploits.php?id=992,http://siph0n.net/leaks.php?page=15,,
http://acme.in/,http://siph0n.net/exploits.php?id=4772,http://siph0n.net/leaks.php?page=2,,
http://ads.thaimisc.com,http://siph0n.net/exploits.php?id=4152,http://siph0n.net/leaks.php?page=8,,
http://aedyr.com,http://siph0n.net/exploits.php?id=4640,http://siph0n.net/leaks.php?page=4,,
http://aeromorning.com - 961 plaintext,http://siph0n.net/exploits.php?id=1828,http://siph0n.net/leaks.php?page=13,,
http://af.mil - Emails,http://siph0n.net/exploits.php?id=3808,http://siph0n.net/leaks.php?page=11,,
http://africanmedia.msu.edu + SQLi,http://siph0n.net/exploits.php?id=995,http://siph0n.net/leaks.php?page=15,,
http://agpestores.com,http://siph0n.net/exploits.php?id=4303,http://siph0n.net/leaks.php?page=7,,
http://akparti.org.tr - Emails,http://siph0n.net/exploits.php?id=4830,http://siph0n.net/leaks.php?page=2,,
http://allwomenstalk.com,http://siph0n.net/exploits.php?id=4358,http://siph0n.net/leaks.php?page=6,,
http://almotamar.net,http://siph0n.net/exploits.php?id=3788,http://siph0n.net/leaks.php?page=11,,
http://almotamar.net,http://siph0n.net/exploits.php?id=3788,http://siph0n.net/leaks.php?page=11,,
http://alwafd.org,http://siph0n.net/exploits.php?id=4984,http://siph0n.net/leaks.php,,
http://artemis-condo.com,http://siph0n.net/exploits.php?id=4342,http://siph0n.net/leaks.php?page=7,,
http://artrookie.co.uk,http://siph0n.net/exploits.php?id=4275,http://siph0n.net/leaks.php?page=7,,
http://ascentproject.eu,http://siph0n.net/exploits.php?id=4577,http://siph0n.net/leaks.php?page=4,,
http://asuslaptop.co.uk,http://siph0n.net/exploits.php?id=4305,http://siph0n.net/leaks.php?page=7,,
http://athensescortsgreece.com,http://siph0n.net/exploits.php?id=4251,http://siph0n.net/leaks.php?page=7,,
http://autostyle.co.uk,http://siph0n.net/exploits.php?id=4750,http://siph0n.net/leaks.php?page=3,,
http://awardz.org + SQLi,http://siph0n.net/exploits.php?id=1066,http://siph0n.net/leaks.php?page=15,,
http://backtoschoolclothingdrive.com,http://siph0n.net/exploits.php?id=4384,http://siph0n.net/leaks.php?page=6,,
http://balancek.com,http://siph0n.net/exploits.php?id=4341,http://siph0n.net/leaks.php?page=7,,
"http://baltimorejewishlife.com - 19,497 Plaintext",http://siph0n.net/exploits.php?id=1834,http://siph0n.net/leaks.php?page=13,,
http://baseclick.eu,http://siph0n.net/exploits.php?id=3837,http://siph0n.net/leaks.php?page=10,,
http://battlefy.com,http://siph0n.net/exploits.php?id=4364,http://siph0n.net/leaks.php?page=6,,
http://belgiumescortgirls.com,http://siph0n.net/exploits.php?id=4252,http://siph0n.net/leaks.php?page=7,,
http://bestbulbsdirect.com,http://siph0n.net/exploits.php?id=4217,http://siph0n.net/leaks.php?page=8,,
"http://bf1942.sk - 230,334 users",http://siph0n.net/exploits.php?id=3583,http://siph0n.net/leaks.php?page=12,,
http://bharatlaws.com,http://siph0n.net/exploits.php?id=4096,http://siph0n.net/leaks.php?page=9,,
http://bible-history.com,http://siph0n.net/exploits.php?id=4392,http://siph0n.net/leaks.php?page=6,,
http://bible-history.com,http://siph0n.net/exploits.php?id=4389,http://siph0n.net/leaks.php?page=6,,
http://bikesbikesbikesuk.co.uk,http://siph0n.net/exploits.php?id=4365,http://siph0n.net/leaks.php?page=6,,
http://biologicalstaincommission.org,http://siph0n.net/exploits.php?id=4425,http://siph0n.net/leaks.php?page=6,,
http://biomeeter.com,http://siph0n.net/exploits.php?id=3976,http://siph0n.net/leaks.php?page=10,,
http://bitcoin.lixter.com,http://siph0n.net/exploits.php?id=3554,http://siph0n.net/leaks.php?page=13,,
http://boutiqueoffbroadway.com,http://siph0n.net/exploits.php?id=3762,http://siph0n.net/leaks.php?page=11,,
http://bpjsketenagakerjaan.go.id,http://siph0n.net/exploits.php?id=3564,http://siph0n.net/leaks.php?page=12,,
http://bpjsketenagakerjaan.go.id,http://siph0n.net/exploits.php?id=3564,http://siph0n.net/leaks.php?page=12,,
http://bworldonline.com,http://siph0n.net/exploits.php?id=3875,http://siph0n.net/leaks.php?page=10,,
http://bysmile.com,http://siph0n.net/exploits.php?id=4219,http://siph0n.net/leaks.php?page=8,,
http://c-team.org,http://siph0n.net/exploits.php?id=4267,http://siph0n.net/leaks.php?page=7,,
http://c4forums.com,http://siph0n.net/exploits.php?id=4194,http://siph0n.net/leaks.php?page=8,,
http://cad.go.th,http://siph0n.net/exploits.php?id=4147,http://siph0n.net/leaks.php?page=8,,
http://calcalit-tamar.co.il,http://siph0n.net/exploits.php?id=3787,http://siph0n.net/leaks.php?page=11,,
http://calldubaiescorts.com,http://siph0n.net/exploits.php?id=4253,http://siph0n.net/leaks.php?page=7,,
http://canada-ifs.com,http://siph0n.net/exploits.php?id=3623,http://siph0n.net/leaks.php?page=12,,
http://canada-ils.com,http://siph0n.net/exploits.php?id=3631,http://siph0n.net/leaks.php?page=12,,
http://cannabis.com (old),http://siph0n.net/exploits.php?id=4131,http://siph0n.net/leaks.php?page=8,,
http://careerlabs.com,http://siph0n.net/exploits.php?id=4934,http://siph0n.net/leaks.php,,
http://carlsonrezidor.com - 42k Emails,http://siph0n.net/exploits.php?id=1193,http://siph0n.net/leaks.php?page=13,,
http://casus-belli.co.uk,http://siph0n.net/exploits.php?id=3690,http://siph0n.net/leaks.php?page=11,,
http://cdoapps.haverford.edu/student/jobalert/deta,http://siph0n.net/exploits.php?id=1129,http://siph0n.net/leaks.php?page=14,,
http://chacao.gob.ve,http://siph0n.net/exploits.php?id=4042,http://siph0n.net/leaks.php?page=9,,
http://chickencycles.co.uk,http://siph0n.net/exploits.php?id=4276,http://siph0n.net/leaks.php?page=7,,
http://chilisuae.com,http://siph0n.net/exploits.php?id=4724,http://siph0n.net/leaks.php?page=3,,
http://chooseby.com,http://siph0n.net/exploits.php?id=4307,http://siph0n.net/leaks.php?page=7,,
http://cmp2.drbatras.ae,http://siph0n.net/exploits.php?id=4800,http://siph0n.net/leaks.php?page=2,,
http://cobranet.org,http://siph0n.net/exploits.php?id=3774,http://siph0n.net/leaks.php?page=11,,
http://cocobod.gh,http://siph0n.net/exploits.php?id=4232,http://siph0n.net/leaks.php?page=7,,
http://codemasters-project.net,http://siph0n.net/exploits.php?id=4387,http://siph0n.net/leaks.php?page=6,,
http://coimbatorecitypolice.com,http://siph0n.net/exploits.php?id=3565,http://siph0n.net/leaks.php?page=12,,
http://comecyt.miranda.gob.ve/,http://siph0n.net/exploits.php?id=1101,http://siph0n.net/leaks.php?page=14,,
http://comicbookdb.com - 50k plaintext,http://siph0n.net/exploits.php?id=3550,http://siph0n.net/leaks.php?page=13,,
http://condusef.gob.mx,http://siph0n.net/exploits.php?id=4538,http://siph0n.net/leaks.php?page=5,,
http://cpusa.org,http://siph0n.net/exploits.php?id=3830,http://siph0n.net/leaks.php?page=10,,
http://craftact.org.au,http://siph0n.net/exploits.php?id=4728,http://siph0n.net/leaks.php?page=3,,
http://crush007.co.uk,http://siph0n.net/exploits.php?id=4607,http://siph0n.net/leaks.php?page=4,,
http://csgameservs.com,http://siph0n.net/exploits.php?id=3820,http://siph0n.net/leaks.php?page=11,,
http://csgameservs.com,http://siph0n.net/exploits.php?id=3820,http://siph0n.net/leaks.php?page=11,,
http://csi.dcs.gla.ac.uk,http://siph0n.net/exploits.php?id=4154,http://siph0n.net/leaks.php?page=8,,
http://ctf365.com,http://siph0n.net/exploits.php?id=3617,http://siph0n.net/leaks.php?page=12,,
http://daawa-info.net,http://siph0n.net/exploits.php?id=4790,http://siph0n.net/leaks.php?page=2,,
http://dane.gov.co,http://siph0n.net/exploits.php?id=3609,http://siph0n.net/leaks.php?page=12,,
http://dc.gov - Emails,http://siph0n.net/exploits.php?id=3805,http://siph0n.net/leaks.php?page=11,,
http://ddos-city.fr,http://siph0n.net/exploits.php?id=3818,http://siph0n.net/leaks.php?page=11,,
http://deathstresser.com,http://siph0n.net/exploits.php?id=4567,http://siph0n.net/leaks.php?page=4,,
http://demain-jarrete.com,http://siph0n.net/exploits.php?id=4647,http://siph0n.net/leaks.php?page=4,,
http://designdeck.co.uk,http://siph0n.net/exploits.php?id=4751,http://siph0n.net/leaks.php?page=3,,
http://destroybooter.com,http://siph0n.net/exploits.php?id=4335,http://siph0n.net/leaks.php?page=7,,
http://directory.nzcca.org.nz,http://siph0n.net/exploits.php?id=4145,http://siph0n.net/leaks.php?page=8,,
http://dockstreetbrokers.com,http://siph0n.net/exploits.php?id=4447,http://siph0n.net/leaks.php?page=6,,
http://doorcenter.co.il,http://siph0n.net/exploits.php?id=3650,http://siph0n.net/leaks.php?page=12,,
http://doorcenter.co.il,http://siph0n.net/exploits.php?id=3664,http://siph0n.net/leaks.php?page=12,,
http://duelyst.com/,http://siph0n.net/exploits.php?id=4522,http://siph0n.net/leaks.php?page=5,,
http://dukcapil.go.id,http://siph0n.net/exploits.php?id=4373,http://siph0n.net/leaks.php?page=6,,
http://dunnikierhousehotel.co.uk,http://siph0n.net/exploits.php?id=3730,http://siph0n.net/leaks.php?page=11,,
http://dustgame.com,http://siph0n.net/exploits.php?id=4989,http://siph0n.net/leaks.php,,
http://dutchwow.com,http://siph0n.net/exploits.php?id=4088,http://siph0n.net/leaks.php?page=9,,
http://ecastTV.co.nz,http://siph0n.net/exploits.php?id=3989,http://siph0n.net/leaks.php?page=10,,
http://ecastTV.co.nz,http://siph0n.net/exploits.php?id=3989,http://siph0n.net/leaks.php?page=10,,
http://ejhb.info - 40k plaintext,http://siph0n.net/exploits.php?id=3546,http://siph0n.net/leaks.php?page=13,,
http://elboletin.com,http://siph0n.net/exploits.php?id=4231,http://siph0n.net/leaks.php?page=7,,
http://elifeask.com,http://siph0n.net/exploits.php?id=4646,http://siph0n.net/leaks.php?page=4,,
http://elth.pub.ro & http://wrec.ro,http://siph0n.net/exploits.php?id=4587,http://siph0n.net/leaks.php?page=4,,
http://emkoelektronik.com.tr,http://siph0n.net/exploits.php?id=4375,http://siph0n.net/leaks.php?page=6,,
http://engineerboards.com,http://siph0n.net/exploits.php?id=4195,http://siph0n.net/leaks.php?page=8,,
http://enterthehealingschool.org + SQLi,http://siph0n.net/exploits.php?id=1070,http://siph0n.net/leaks.php?page=15,,
http://enterthehealingschool.org + SQLi,http://siph0n.net/exploits.php?id=1070,http://siph0n.net/leaks.php?page=15,,
http://eproc.dor.gov.np,http://siph0n.net/exploits.php?id=3665,http://siph0n.net/leaks.php?page=12,,
http://erdb.denr.gov.ph,http://siph0n.net/exploits.php?id=1177,http://siph0n.net/leaks.php?page=14,,
http://escortszurich.com,http://siph0n.net/exploits.php?id=4254,http://siph0n.net/leaks.php?page=7,,
http://eshet.net,http://siph0n.net/exploits.php?id=4504,http://siph0n.net/leaks.php?page=5,,
http://eubb.eusa.ed.ac.uk + SQLi,http://siph0n.net/exploits.php?id=997,http://siph0n.net/leaks.php?page=15,,
http://euroescortsberlin.com,http://siph0n.net/exploits.php?id=4255,http://siph0n.net/leaks.php?page=7,,
"http://eyeofdubai.ae - 1,626 Plaintext",http://siph0n.net/exploits.php?id=1831,http://siph0n.net/leaks.php?page=13,,
"http://eyeofdubai.ae - 1,626 Plaintext",http://siph0n.net/exploits.php?id=1831,http://siph0n.net/leaks.php?page=13,,
http://ezay.com.mm,http://siph0n.net/exploits.php?id=3652,http://siph0n.net/leaks.php?page=12,,
http://fabbu.fr,http://siph0n.net/exploits.php?id=3815,http://siph0n.net/leaks.php?page=11,,
http://fabbu.fr,http://siph0n.net/exploits.php?id=3848,http://siph0n.net/leaks.php?page=10,,
http://factjo.com,http://siph0n.net/exploits.php?id=3792,http://siph0n.net/leaks.php?page=11,,
"http://fdreview.com - 1,655 users",http://siph0n.net/exploits.php?id=3569,http://siph0n.net/leaks.php?page=12,,
http://fiddes.co.uk,http://siph0n.net/exploits.php?id=4598,http://siph0n.net/leaks.php?page=4,,
http://fijilive.com,http://siph0n.net/exploits.php?id=4697,http://siph0n.net/leaks.php?page=3,,
http://finance.ipst.ac.th/,http://siph0n.net/exploits.php?id=1064,http://siph0n.net/leaks.php?page=15,,
http://flux.org,http://siph0n.net/exploits.php?id=3905,http://siph0n.net/leaks.php?page=10,,
http://forum.aiekillu.fr,http://siph0n.net/exploits.php?id=4006,http://siph0n.net/leaks.php?page=9,,
http://forum.chumpcar.com,http://siph0n.net/exploits.php?id=4193,http://siph0n.net/leaks.php?page=8,,
http://forum.teksyndicate.com,http://siph0n.net/exploits.php?id=4429,http://siph0n.net/leaks.php?page=6,,
http://freescience.info,http://siph0n.net/exploits.php?id=4517,http://siph0n.net/leaks.php?page=5,,
http://freshfiction.com,http://siph0n.net/exploits.php?id=3821,http://siph0n.net/leaks.php?page=11,,
http://frontalot.com,http://siph0n.net/exploits.php?id=3729,http://siph0n.net/leaks.php?page=11,,
http://furydown.com,http://siph0n.net/exploits.php?id=3967,http://siph0n.net/leaks.php?page=10,,
http://furydown.com/,http://siph0n.net/exploits.php?id=4146,http://siph0n.net/leaks.php?page=8,,
http://geothermal-library.org,http://siph0n.net/exploits.php?id=4626,http://siph0n.net/leaks.php?page=4,,
http://gobol.in,http://siph0n.net/exploits.php?id=4122,http://siph0n.net/leaks.php?page=8,,
http://gohens.net,http://siph0n.net/exploits.php?id=3995,http://siph0n.net/leaks.php?page=10,,
http://gpl.sgvp.org,http://siph0n.net/exploits.php?id=4581,http://siph0n.net/leaks.php?page=4,,
http://gta5base.com,http://siph0n.net/exploits.php?id=4508,http://siph0n.net/leaks.php?page=5,,
http://healers.co.uk - 7k #plaintext,http://siph0n.net/exploits.php?id=3560,http://siph0n.net/leaks.php?page=12,,
http://hec.gov.pk,http://siph0n.net/exploits.php?id=3670,http://siph0n.net/leaks.php?page=11,,
http://hms.harvard.edu,http://siph0n.net/exploits.php?id=3568,http://siph0n.net/leaks.php?page=12,,
http://hortinews.co.ke,http://siph0n.net/exploits.php?id=4234,http://siph0n.net/leaks.php?page=7,,
http://hostilestresser.com,http://siph0n.net/exploits.php?id=4310,http://siph0n.net/leaks.php?page=7,,
http://housingkp.gov.pk,http://siph0n.net/exploits.php?id=4525,http://siph0n.net/leaks.php?page=5,,
http://howtoairbrush.com.au,http://siph0n.net/exploits.php?id=4424,http://siph0n.net/leaks.php?page=6,,
http://hrionline.ac.uk,http://siph0n.net/exploits.php?id=4831,http://siph0n.net/leaks.php?page=2,,
http://hrvatskitelekom.hr,http://siph0n.net/exploits.php?id=3888,http://siph0n.net/leaks.php?page=10,,
http://hufschmied.net,http://siph0n.net/exploits.php?id=3695,http://siph0n.net/leaks.php?page=11,,
http://ibms.sinica.edu.tw,http://siph0n.net/exploits.php?id=3775,http://siph0n.net/leaks.php?page=11,,
http://ibordeaux.fr,http://siph0n.net/exploits.php?id=1191,http://siph0n.net/leaks.php?page=13,,
http://ichatasia.com,http://siph0n.net/exploits.php?id=3902,http://siph0n.net/leaks.php?page=10,,
http://ichatlatino.com,http://siph0n.net/exploits.php?id=3901,http://siph0n.net/leaks.php?page=10,,
http://ichatusa.com,http://siph0n.net/exploits.php?id=3903,http://siph0n.net/leaks.php?page=10,,
http://ifs-denmark.com,http://siph0n.net/exploits.php?id=3622,http://siph0n.net/leaks.php?page=12,,
http://ils-usa.com,http://siph0n.net/exploits.php?id=3618,http://siph0n.net/leaks.php?page=12,,
http://imda.org.il,http://siph0n.net/exploits.php?id=4165,http://siph0n.net/leaks.php?page=8,,
"http://in91.com.tw - 102,059 users",http://siph0n.net/exploits.php?id=3559,http://siph0n.net/leaks.php?page=12,,
http://indianembassy.au,http://siph0n.net/exploits.php?id=3625,http://siph0n.net/leaks.php?page=12,,
http://io-games.com,http://siph0n.net/exploits.php?id=4368,http://siph0n.net/leaks.php?page=6,,
http://ipe.rutgers.edu + SQLi,http://siph0n.net/exploits.php?id=1001,http://siph0n.net/leaks.php?page=15,,
http://iratrac.iq rekt by #CatCorp / @KittyGods,http://siph0n.net/exploits.php?id=7867,http://siph0n.net/leaks.php,,
http://islandermania.com,http://siph0n.net/exploits.php?id=4182,http://siph0n.net/leaks.php?page=8,,
http://itp.nyu.edu + SQLi,http://siph0n.net/exploits.php?id=1007,http://siph0n.net/leaks.php?page=15,,
http://izkis.ru Database Leak,http://siph0n.net/exploits.php?id=4363,http://siph0n.net/leaks.php?page=6,,
http://jetsfansunited.com,http://siph0n.net/exploits.php?id=4187,http://siph0n.net/leaks.php?page=8,,
http://jeunesse-sports.gouv.fr,http://siph0n.net/exploits.php?id=4264,http://siph0n.net/leaks.php?page=7,,
http://jhrecruitment.co.uk,http://siph0n.net/exploits.php?id=3791,http://siph0n.net/leaks.php?page=11,,
http://jinr.ru,http://siph0n.net/exploits.php?id=4516,http://siph0n.net/leaks.php?page=5,,
http://jobs.edu.ro,http://siph0n.net/exploits.php?id=4586,http://siph0n.net/leaks.php?page=4,,
http://juice-up.net,http://siph0n.net/exploits.php?id=3819,http://siph0n.net/leaks.php?page=11,,
http://juice-up.net,http://siph0n.net/exploits.php?id=3819,http://siph0n.net/leaks.php?page=11,,
http://kakasure.com,http://siph0n.net/exploits.php?id=4391,http://siph0n.net/leaks.php?page=6,,
http://keepyourlinks.com,http://siph0n.net/exploits.php?id=4487,http://siph0n.net/leaks.php?page=5,,
http://kolna.ma,http://siph0n.net/exploits.php?id=4682,http://siph0n.net/leaks.php?page=3,,
http://l33thacking.net,http://siph0n.net/exploits.php?id=4435,http://siph0n.net/leaks.php?page=6,,
http://learntelecom.bsnl.co.in/,http://siph0n.net/exploits.php?id=1115,http://siph0n.net/leaks.php?page=14,,
http://learntelecom.bsnl.co.in/,http://siph0n.net/exploits.php?id=1115,http://siph0n.net/leaks.php?page=14,,
http://ledbox.fr,http://siph0n.net/exploits.php?id=3822,http://siph0n.net/leaks.php?page=11,,
http://legalscience.io,http://siph0n.net/exploits.php?id=4947,http://siph0n.net/leaks.php,,
http://lenovolaptop.co.uk,http://siph0n.net/exploits.php?id=4304,http://siph0n.net/leaks.php?page=7,,
http://library.killersites.com,http://siph0n.net/exploits.php?id=4173,http://siph0n.net/leaks.php?page=8,,
http://lizardstresser.su - full sql db,http://siph0n.net/exploits.php?id=3667,http://siph0n.net/leaks.php?page=12,,
http://lonestarspeedzone.com,http://siph0n.net/exploits.php?id=4181,http://siph0n.net/leaks.php?page=8,,
http://lottoland.dk,http://siph0n.net/exploits.php?id=4550,http://siph0n.net/leaks.php?page=4,,
http://lpzoo.org,http://siph0n.net/exploits.php?id=3817,http://siph0n.net/leaks.php?page=11,,
http://ltap.colorado.edu + SQLi,http://siph0n.net/exploits.php?id=999,http://siph0n.net/leaks.php?page=15,,
http://m-cuture.gov.dz,http://siph0n.net/exploits.php?id=4547,http://siph0n.net/leaks.php?page=4,,
http://makehope.org,http://siph0n.net/exploits.php?id=3990,http://siph0n.net/leaks.php?page=10,,
http://makehope.org,http://siph0n.net/exploits.php?id=3990,http://siph0n.net/leaks.php?page=10,,
http://masterworld.org,http://siph0n.net/exploits.php?id=4545,http://siph0n.net/leaks.php?page=4,,
http://match-night.co.uk,http://siph0n.net/exploits.php?id=4638,http://siph0n.net/leaks.php?page=4,,
http://miami.edu,http://siph0n.net/exploits.php?id=3913,http://siph0n.net/leaks.php?page=10,,
http://mihahome.de,http://siph0n.net/exploits.php?id=4511,http://siph0n.net/leaks.php?page=5,,
http://milq.com,http://siph0n.net/exploits.php?id=4370,http://siph0n.net/leaks.php?page=6,,
http://missouripeoplefirst.org,http://siph0n.net/exploits.php?id=3802,http://siph0n.net/leaks.php?page=11,,
http://mizihuatanejo.com,http://siph0n.net/exploits.php?id=4337,http://siph0n.net/leaks.php?page=7,,
http://mktba.org/- 40k email dump - islamic,http://siph0n.net/exploits.php?id=4657,http://siph0n.net/leaks.php?page=3,,
http://mobstub.com,http://siph0n.net/exploits.php?id=4929,http://siph0n.net/leaks.php,,
http://money.com.au,http://siph0n.net/exploits.php?id=4729,http://siph0n.net/leaks.php?page=3,,
http://monkie.in,http://siph0n.net/exploits.php?id=4071,http://siph0n.net/leaks.php?page=9,,
http://montrealamateur.com,http://siph0n.net/exploits.php?id=3973,http://siph0n.net/leaks.php?page=10,,
http://mothersenvogue.com/,http://siph0n.net/exploits.php?id=4637,http://siph0n.net/leaks.php?page=4,,
http://mpay.co.il,http://siph0n.net/exploits.php?id=3785,http://siph0n.net/leaks.php?page=11,,
http://msbte.com,http://siph0n.net/exploits.php?id=3705,http://siph0n.net/leaks.php?page=11,,
http://msbte.com,http://siph0n.net/exploits.php?id=3705,http://siph0n.net/leaks.php?page=11,,
http://mseia.net,http://siph0n.net/exploits.php?id=4085,http://siph0n.net/leaks.php?page=9,,
http://mstream.fr,http://siph0n.net/exploits.php?id=4653,http://siph0n.net/leaks.php?page=4,,
http://mwcboard.com,http://siph0n.net/exploits.php?id=4192,http://siph0n.net/leaks.php?page=8,,
http://mylosangelesescorts.com,http://siph0n.net/exploits.php?id=4256,http://siph0n.net/leaks.php?page=7,,
http://nabg.iasri.res.in,http://siph0n.net/exploits.php?id=3847,http://siph0n.net/leaks.php?page=10,,
http://nagios.com,http://siph0n.net/exploits.php?id=4292,http://siph0n.net/leaks.php?page=7,,
http://nashvillejazz.org,http://siph0n.net/exploits.php?id=4639,http://siph0n.net/leaks.php?page=4,,
http://navratnabooking.com,http://siph0n.net/exploits.php?id=4773,http://siph0n.net/leaks.php?page=2,,
http://nayatel.com,http://siph0n.net/exploits.php?id=4002,http://siph0n.net/leaks.php?page=10,,
http://neofriends.com,http://siph0n.net/exploits.php?id=3731,http://siph0n.net/leaks.php?page=11,,
http://neustar.biz,http://siph0n.net/exploits.php?id=4374,http://siph0n.net/leaks.php?page=6,,
http://newyorkescortsinfo.com,http://siph0n.net/exploits.php?id=4257,http://siph0n.net/leaks.php?page=7,,
http://nexxx.com,http://siph0n.net/exploits.php?id=4762,http://siph0n.net/leaks.php?page=3,,
http://nightgallery.ca,http://siph0n.net/exploits.php?id=3980,http://siph0n.net/leaks.php?page=10,,
http://nissanhelp.com,http://siph0n.net/exploits.php?id=3624,http://siph0n.net/leaks.php?page=12,,
http://nitb.gov.pk,http://siph0n.net/exploits.php?id=4898,http://siph0n.net/leaks.php?page=2,,
http://nownnow.tv,http://siph0n.net/exploits.php?id=4827,http://siph0n.net/leaks.php?page=2,,
http://nt-staff.com,http://siph0n.net/exploits.php?id=3790,http://siph0n.net/leaks.php?page=11,,
http://nulled.io,http://siph0n.net/exploits.php?id=4683,http://siph0n.net/leaks.php?page=3,,
http://nute.ufsc.br - 47k emails & hashs,http://siph0n.net/exploits.php?id=1165,http://siph0n.net/leaks.php?page=14,,
http://nzcca.org.nz,http://siph0n.net/exploits.php?id=4636,http://siph0n.net/leaks.php?page=4,,
http://ohio.gov/,http://siph0n.net/exploits.php?id=4476,http://siph0n.net/leaks.php?page=5,,
http://oiiuv2gwl2jhvg3j.onion - Besa Mafia,http://siph0n.net/exploits.php?id=4662,http://siph0n.net/leaks.php?page=3,,
http://old.cageprisoners.com,http://siph0n.net/exploits.php?id=4651,http://siph0n.net/leaks.php?page=4,,
http://olhardigital.uol.com.br,http://siph0n.net/exploits.php?id=3721,http://siph0n.net/leaks.php?page=11,,
http://ouselife.co.uk,http://siph0n.net/exploits.php?id=4599,http://siph0n.net/leaks.php?page=4,,
http://outwardb.com,http://siph0n.net/exploits.php?id=4355,http://siph0n.net/leaks.php?page=6,,
"http://ozsports.info - 16,908 plaintext",http://siph0n.net/exploits.php?id=3530,http://siph0n.net/leaks.php?page=13,,
http://paintisdead.com,http://siph0n.net/exploits.php?id=4179,http://siph0n.net/leaks.php?page=8,,
http://partyclick.nl,http://siph0n.net/exploits.php?id=4446,http://siph0n.net/leaks.php?page=6,,
http://pccongress.org.uk,http://siph0n.net/exploits.php?id=4272,http://siph0n.net/leaks.php?page=7,,
http://pcfone.info,http://siph0n.net/exploits.php?id=3547,http://siph0n.net/leaks.php?page=13,,
http://personal.cityu.edu.hk,http://siph0n.net/exploits.php?id=4656,http://siph0n.net/leaks.php?page=3,,
http://philsacra.ust.edu.ph,http://siph0n.net/exploits.php?id=3654,http://siph0n.net/leaks.php?page=12,,
http://phoncert.com,http://siph0n.net/exploits.php?id=3676,http://siph0n.net/leaks.php?page=11,,
http://picturingamerica.neh.gov,http://siph0n.net/exploits.php?id=4357,http://siph0n.net/leaks.php?page=6,,
http://pixarra.com,http://siph0n.net/exploits.php?id=4180,http://siph0n.net/leaks.php?page=8,,
http://plastic4you.ru,http://siph0n.net/exploits.php?id=4509,http://siph0n.net/leaks.php?page=5,,
http://plastic4you.ru/forum/,http://siph0n.net/exploits.php?id=4510,http://siph0n.net/leaks.php?page=5,,
http://plotarea.com/,http://siph0n.net/exploits.php?id=4422,http://siph0n.net/leaks.php?page=6,,
http://plymouth.ac.uk,http://siph0n.net/exploits.php?id=4444,http://siph0n.net/leaks.php?page=6,,
http://pokersuchmaschine.de,http://siph0n.net/exploits.php?id=3648,http://siph0n.net/leaks.php?page=12,,
http://police.gov.bd,http://siph0n.net/exploits.php?id=4344,http://siph0n.net/leaks.php?page=6,,
http://portal.mec.gov.br,http://siph0n.net/exploits.php?id=3798,http://siph0n.net/leaks.php?page=11,,
http://powerpulse.net,http://siph0n.net/exploits.php?id=3653,http://siph0n.net/leaks.php?page=12,,
http://pragueescortsservices.com,http://siph0n.net/exploits.php?id=4258,http://siph0n.net/leaks.php?page=7,,
http://profile.hec.gov.pk DB,http://siph0n.net/exploits.php?id=4785,http://siph0n.net/leaks.php?page=2,,
http://property.com.na,http://siph0n.net/exploits.php?id=3859,http://siph0n.net/leaks.php?page=10,,
http://property.com.na,http://siph0n.net/exploits.php?id=3859,http://siph0n.net/leaks.php?page=10,,
http://propgoldindiaa.com,http://siph0n.net/exploits.php?id=4221,http://siph0n.net/leaks.php?page=7,,
http://qatarcp.com,http://siph0n.net/exploits.php?id=3904,http://siph0n.net/leaks.php?page=10,,
http://rainbowshiu.net,http://siph0n.net/exploits.php?id=4634,http://siph0n.net/leaks.php?page=4,,
http://receive-sms.net,http://siph0n.net/exploits.php?id=4103,http://siph0n.net/leaks.php?page=9,,
http://revistahometheater.uol.com.br,http://siph0n.net/exploits.php?id=1307,http://siph0n.net/leaks.php?page=13,,
http://richboysclub.net,http://siph0n.net/exploits.php?id=4222,http://siph0n.net/leaks.php?page=7,,
http://ringroost.com,http://siph0n.net/exploits.php?id=4590,http://siph0n.net/leaks.php?page=4,,
http://romeitalyescorts.com,http://siph0n.net/exploits.php?id=4259,http://siph0n.net/leaks.php?page=7,,
http://sabziwala.in,http://siph0n.net/exploits.php?id=4354,http://siph0n.net/leaks.php?page=6,,
http://saifa.ir,http://siph0n.net/exploits.php?id=4269,http://siph0n.net/leaks.php?page=7,,
http://sail.msk.ru,http://siph0n.net/exploits.php?id=4460,http://siph0n.net/leaks.php?page=6,,
http://salalahport.com,http://siph0n.net/exploits.php?id=4903,http://siph0n.net/leaks.php,,
http://sanjavier.es,http://siph0n.net/exploits.php?id=4311,http://siph0n.net/leaks.php?page=7,,
http://science.kennesaw.edu,http://siph0n.net/exploits.php?id=4086,http://siph0n.net/leaks.php?page=9,,
http://screenkeys.com,http://siph0n.net/exploits.php?id=4141,http://siph0n.net/leaks.php?page=8,,
http://searchmagnetlocal.com,http://siph0n.net/exploits.php?id=3643,http://siph0n.net/leaks.php?page=12,,
http://secourisme.info,http://siph0n.net/exploits.php?id=3760,http://siph0n.net/leaks.php?page=11,,
http://secourisme.info,http://siph0n.net/exploits.php?id=3692,http://siph0n.net/leaks.php?page=11,,
http://segundoidioma.com,http://siph0n.net/exploits.php?id=4196,http://siph0n.net/leaks.php?page=8,,
http://sepdf.gob.mx,http://siph0n.net/exploits.php?id=4001,http://siph0n.net/leaks.php?page=10,,
http://sexsuche.com,http://siph0n.net/exploits.php?id=3626,http://siph0n.net/leaks.php?page=12,,
http://sexyirelandescorts.com,http://siph0n.net/exploits.php?id=4263,http://siph0n.net/leaks.php?page=7,,
http://sf.lm.gov.lv/ + leak,http://siph0n.net/exploits.php?id=1008,http://siph0n.net/leaks.php?page=15,,
http://sf.lm.gov.lv/ + leak,http://siph0n.net/exploits.php?id=1008,http://siph0n.net/leaks.php?page=15,,
http://shop.ufgo.org,http://siph0n.net/exploits.php?id=3931,http://siph0n.net/leaks.php?page=10,,
http://shoptrader.nl/ Customer Table,http://siph0n.net/exploits.php?id=4739,http://siph0n.net/leaks.php?page=3,,
http://shuttleprint.com,http://siph0n.net/exploits.php?id=4218,http://siph0n.net/leaks.php?page=8,,
http://sikhawareness.com,http://siph0n.net/exploits.php?id=4178,http://siph0n.net/leaks.php?page=8,,
http://smithpump.com,http://siph0n.net/exploits.php?id=4726,http://siph0n.net/leaks.php?page=3,,
http://snowdonia-society.org.uk,http://siph0n.net/exploits.php?id=3853,http://siph0n.net/leaks.php?page=10,,
http://soa4j.com,http://siph0n.net/exploits.php?id=4340,http://siph0n.net/leaks.php?page=7,,
http://som.adzu.edu.ph,http://siph0n.net/exploits.php?id=4641,http://siph0n.net/leaks.php?page=4,,
http://som.adzu.edu.ph/,http://siph0n.net/exploits.php?id=3616,http://siph0n.net/leaks.php?page=12,,
http://staminus.net,http://siph0n.net/exploits.php?id=4561,http://siph0n.net/leaks.php?page=4,,
http://stockholmescorts.org,http://siph0n.net/exploits.php?id=4260,http://siph0n.net/leaks.php?page=7,,
http://talktalk.net,http://siph0n.net/exploits.php?id=4366,http://siph0n.net/leaks.php?page=6,,
http://tamashydronic.com,http://siph0n.net/exploits.php?id=3615,http://siph0n.net/leaks.php?page=12,,
http://taptoeat.com,http://siph0n.net/exploits.php?id=4948,http://siph0n.net/leaks.php,,
http://techfactory.net,http://siph0n.net/exploits.php?id=4489,http://siph0n.net/leaks.php?page=5,,
http://teksyndicate.com,http://siph0n.net/exploits.php?id=4443,http://siph0n.net/leaks.php?page=6,,
http://tesco.com,http://siph0n.net/exploits.php?id=4390,http://siph0n.net/leaks.php?page=6,,
http://themclones.com,http://siph0n.net/exploits.php?id=4142,http://siph0n.net/leaks.php?page=8,,
http://thepressproject.net,http://siph0n.net/exploits.php?id=4291,http://siph0n.net/leaks.php?page=7,,
http://theredwood.com,http://siph0n.net/exploits.php?id=4456,http://siph0n.net/leaks.php?page=6,,
http://thesingle-life.com,http://siph0n.net/exploits.php?id=4171,http://siph0n.net/leaks.php?page=8,,
http://thesnowcentre.com,http://siph0n.net/exploits.php?id=4791,http://siph0n.net/leaks.php?page=2,,
http://thestatebank.com,http://siph0n.net/exploits.php?id=3644,http://siph0n.net/leaks.php?page=12,,
http://thevpnetwork.com,http://siph0n.net/exploits.php?id=4169,http://siph0n.net/leaks.php?page=8,,
http://thrustrp.net,http://siph0n.net/exploits.php?id=3909,http://siph0n.net/leaks.php?page=10,,
http://thustrp.net,http://siph0n.net/exploits.php?id=3887,http://siph0n.net/leaks.php?page=10,,
http://tnak.am - 1063 users,http://siph0n.net/exploits.php?id=3571,http://siph0n.net/leaks.php?page=12,,
http://tokat-bld.gov.tr,http://siph0n.net/exploits.php?id=3556,http://siph0n.net/leaks.php?page=13,,
http://tokat-bld.gov.tr,http://siph0n.net/exploits.php?id=3556,http://siph0n.net/leaks.php?page=13,,
http://transcom.mil - Emails,http://siph0n.net/exploits.php?id=3807,http://siph0n.net/leaks.php?page=11,,
http://transporte.mendoza.gov.ar,http://siph0n.net/exploits.php?id=4591,http://siph0n.net/leaks.php?page=4,,
http://tumblr.com,http://siph0n.net/exploits.php?id=4754,http://siph0n.net/leaks.php?page=3,,
http://ufscar.br,http://siph0n.net/exploits.php?id=3594,http://siph0n.net/leaks.php?page=12,,
http://ufscar.br,http://siph0n.net/exploits.php?id=3594,http://siph0n.net/leaks.php?page=12,,
http://ukindsup.co.uk,http://siph0n.net/exploits.php?id=3789,http://siph0n.net/leaks.php?page=11,,
http://ultimatehomedesign.com,http://siph0n.net/exploits.php?id=4448,http://siph0n.net/leaks.php?page=6,,
http://unfccc.int,http://siph0n.net/exploits.php?id=3907,http://siph0n.net/leaks.php?page=10,,
http://unwto.org,http://siph0n.net/exploits.php?id=4512,http://siph0n.net/leaks.php?page=5,,
http://usacops.com - Email,http://siph0n.net/exploits.php?id=3806,http://siph0n.net/leaks.php?page=11,,
http://vacmotorsports.com,http://siph0n.net/exploits.php?id=3759,http://siph0n.net/leaks.php?page=11,,
http://validdumps.ru,http://siph0n.net/exploits.php?id=3668,http://siph0n.net/leaks.php?page=11,,
http://validdumps.ru,http://siph0n.net/exploits.php?id=3668,http://siph0n.net/leaks.php?page=11,,
http://vallikodivanniarmatrimonial.in,http://siph0n.net/exploits.php?id=3647,http://siph0n.net/leaks.php?page=12,,
http://vathorst.nu | i033.nl - 8k Users,http://siph0n.net/exploits.php?id=1200,http://siph0n.net/leaks.php?page=13,,
http://vhs-austria.com,http://siph0n.net/exploits.php?id=3637,http://siph0n.net/leaks.php?page=12,,
http://vhs-belgium.com,http://siph0n.net/exploits.php?id=3636,http://siph0n.net/leaks.php?page=12,,
http://vhs-france.com,http://siph0n.net/exploits.php?id=3635,http://siph0n.net/leaks.php?page=12,,
http://vhs-germany.com,http://siph0n.net/exploits.php?id=3632,http://siph0n.net/leaks.php?page=12,,
http://vhs-portugal.com,http://siph0n.net/exploits.php?id=3634,http://siph0n.net/leaks.php?page=12,,
http://vhs-swiss.com,http://siph0n.net/exploits.php?id=3633,http://siph0n.net/leaks.php?page=12,,
http://vipescortsparis.com,http://siph0n.net/exploits.php?id=4262,http://siph0n.net/leaks.php?page=7,,
http://viplondonescortsguide.com,http://siph0n.net/exploits.php?id=4261,http://siph0n.net/leaks.php?page=7,,
http://vol4.royalcommission.vic.gov.au + SQLi,http://siph0n.net/exploits.php?id=1018,http://siph0n.net/leaks.php?page=15,,
http://waphix.mywibes.com,http://siph0n.net/exploits.php?id=4220,http://siph0n.net/leaks.php?page=8,,
http://wawftraining.eb.mil,http://siph0n.net/exploits.php?id=4003,http://siph0n.net/leaks.php?page=10,,
http://weeaboo.xyz,http://siph0n.net/exploits.php?id=3977,http://siph0n.net/leaks.php?page=10,,
http://woundsinternational.com,http://siph0n.net/exploits.php?id=3892,http://siph0n.net/leaks.php?page=10,,
http://wowfon.com,http://siph0n.net/exploits.php?id=3824,http://siph0n.net/leaks.php?page=10,,
http://wtspy.com,http://siph0n.net/exploits.php?id=4759,http://siph0n.net/leaks.php?page=3,,
http://ww.chioggiapp.it/ database leak,http://siph0n.net/exploits.php?id=990,http://siph0n.net/leaks.php?page=15,,
http://www.abax.co.jp + SQLi,http://siph0n.net/exploits.php?id=1102,http://siph0n.net/leaks.php?page=14,,
http://www.ada.org.uk,http://siph0n.net/exploits.php?id=4203,http://siph0n.net/leaks.php?page=8,,
http://www.adriansykes.co.uk + SQLi,http://siph0n.net/exploits.php?id=1113,http://siph0n.net/leaks.php?page=14,,
http://www.alesc.sc.gov.br + SQLi,http://siph0n.net/exploits.php?id=1147,http://siph0n.net/leaks.php?page=14,,
http://www.amiindia.info,http://siph0n.net/exploits.php?id=4454,http://siph0n.net/leaks.php?page=6,,
http://www.amis-musees.fr,http://siph0n.net/exploits.php?id=4270,http://siph0n.net/leaks.php?page=7,,
http://www.amnh.org,http://siph0n.net/exploits.php?id=4495,http://siph0n.net/leaks.php?page=5,,
http://www.ari.uni-heidelberg.de + SQLi,http://siph0n.net/exploits.php?id=1003,http://siph0n.net/leaks.php?page=15,,
http://www.auction-warehouse.com,http://siph0n.net/exploits.php?id=4756,http://siph0n.net/leaks.php?page=3,,
http://www.autolet.it,http://siph0n.net/exploits.php?id=4338,http://siph0n.net/leaks.php?page=7,,
http://www.awt-gpi.com,http://siph0n.net/exploits.php?id=4497,http://siph0n.net/leaks.php?page=5,,
http://www.bdp.gov.bd,http://siph0n.net/exploits.php?id=4309,http://siph0n.net/leaks.php?page=7,,
http://www.befriending.com,http://siph0n.net/exploits.php?id=4277,http://siph0n.net/leaks.php?page=7,,
http://www.bellmtcs.com,http://siph0n.net/exploits.php?id=4749,http://siph0n.net/leaks.php?page=3,,
http://www.bfsihiring.com,http://siph0n.net/exploits.php?id=4488,http://siph0n.net/leaks.php?page=5,,
http://www.bitaraf.com,http://siph0n.net/exploits.php?id=4735,http://siph0n.net/leaks.php?page=3,,
http://www.boardgamelevelup.com,http://siph0n.net/exploits.php?id=4139,http://siph0n.net/leaks.php?page=8,,
http://www.boardgamelevelup.com,http://siph0n.net/exploits.php?id=4515,http://siph0n.net/leaks.php?page=5,,
http://www.brief.org.uk,http://siph0n.net/exploits.php?id=3863,http://siph0n.net/leaks.php?page=10,,
http://www.bscc.edu,http://siph0n.net/exploits.php?id=3840,http://siph0n.net/leaks.php?page=10,,
http://www.bsru.ac.th,http://siph0n.net/exploits.php?id=3770,http://siph0n.net/leaks.php?page=11,,
http://www.bst.co.at,http://siph0n.net/exploits.php?id=4306,http://siph0n.net/leaks.php?page=7,,
http://www.budget.go.ug,http://siph0n.net/exploits.php?id=4325,http://siph0n.net/leaks.php?page=7,,
http://www.business-scripts.de,http://siph0n.net/exploits.php?id=4149,http://siph0n.net/leaks.php?page=8,,
http://www.calidus.ro/,http://siph0n.net/exploits.php?id=4144,http://siph0n.net/leaks.php?page=8,,
http://www.cambridgescp.com,http://siph0n.net/exploits.php?id=4786,http://siph0n.net/leaks.php?page=2,,
http://www.chernochumz.com,http://siph0n.net/exploits.php?id=4490,http://siph0n.net/leaks.php?page=5,,
http://www.chile-travel-picture.com + SQLi,http://siph0n.net/exploits.php?id=1068,http://siph0n.net/leaks.php?page=15,,
http://www.chromeplay.com,http://siph0n.net/exploits.php?id=4159,http://siph0n.net/leaks.php?page=8,,
http://www.chsc.or.kr,http://siph0n.net/exploits.php?id=4818,http://siph0n.net/leaks.php?page=2,,
http://www.clockfuckers.co.uk,http://siph0n.net/exploits.php?id=4274,http://siph0n.net/leaks.php?page=7,,
http://www.club300.dk,http://siph0n.net/exploits.php?id=4592,http://siph0n.net/leaks.php?page=4,,
http://www.courtofappeal.org.bs/admin/counsel.php,http://siph0n.net/exploits.php?id=1179,http://siph0n.net/leaks.php?page=13,,
http://www.daat.ac.il,http://siph0n.net/exploits.php?id=4010,http://siph0n.net/leaks.php?page=9,,
http://www.derekowens.com/v3,http://siph0n.net/exploits.php?id=989,http://siph0n.net/leaks.php?page=15,,
http://www.deways.com/,http://siph0n.net/exploits.php?id=4690,http://siph0n.net/leaks.php?page=3,,
http://www.dhiqar.net,http://siph0n.net/exploits.php?id=4235,http://siph0n.net/leaks.php?page=7,,
http://www.digitalnintendo.com,http://siph0n.net/exploits.php?id=4461,http://siph0n.net/leaks.php?page=5,,
http://www.disquantique.com,http://siph0n.net/exploits.php?id=4037,http://siph0n.net/leaks.php?page=9,,
http://www.doh.gov.ph,http://siph0n.net/exploits.php?id=4930,http://siph0n.net/leaks.php,,
http://www.doronrest.co.il,http://siph0n.net/exploits.php?id=4000,http://siph0n.net/leaks.php?page=10,,
http://www.doronrest.co.il,http://siph0n.net/exploits.php?id=4000,http://siph0n.net/leaks.php?page=10,,
http://www.du.ac.bd,http://siph0n.net/exploits.php?id=3761,http://siph0n.net/leaks.php?page=11,,
http://www.educacionquimica.info,http://siph0n.net/exploits.php?id=4566,http://siph0n.net/leaks.php?page=4,,
http://www.elmzell.se/ swedish lawfirm,http://siph0n.net/exploits.php?id=3645,http://siph0n.net/leaks.php?page=12,,
http://www.epusara.jawi.gov.my/phpmyadmin/,http://siph0n.net/exploits.php?id=1053,http://siph0n.net/leaks.php?page=15,,
http://www.equitydevelopment.co.uk,http://siph0n.net/exploits.php?id=4602,http://siph0n.net/leaks.php?page=4,,
http://www.escort-gallery.com,http://siph0n.net/exploits.php?id=4250,http://siph0n.net/leaks.php?page=7,,
http://www.fencesoftware.com/,http://siph0n.net/exploits.php?id=4167,http://siph0n.net/leaks.php?page=8,,
http://www.ferrantioliveoil.com,http://siph0n.net/exploits.php?id=4115,http://siph0n.net/leaks.php?page=9,,
http://www.filefactory.org,http://siph0n.net/exploits.php?id=4442,http://siph0n.net/leaks.php?page=6,,
http://www.fip.org + SQLi,http://siph0n.net/exploits.php?id=1097,http://siph0n.net/leaks.php?page=14,,
http://www.focusfeatures.com,http://siph0n.net/exploits.php?id=4419,http://siph0n.net/leaks.php?page=6,,
http://www.foreign.gov.bb Leak,http://siph0n.net/exploits.php?id=1203,http://siph0n.net/leaks.php?page=13,,
http://www.forumptd.com,http://siph0n.net/exploits.php?id=4524,http://siph0n.net/leaks.php?page=5,,
http://www.friendshipkey.com,http://siph0n.net/exploits.php?id=4208,http://siph0n.net/leaks.php?page=8,,
http://www.fundmediterranea.org.ar,http://siph0n.net/exploits.php?id=1076,http://siph0n.net/leaks.php?page=14,,
http://www.funsurveys.net,http://siph0n.net/exploits.php?id=3864,http://siph0n.net/leaks.php?page=10,,
http://www.fuorissimo.com,http://siph0n.net/exploits.php?id=4102,http://siph0n.net/leaks.php?page=9,,
http://www.globo.com + SQLi,http://siph0n.net/exploits.php?id=1296,http://siph0n.net/leaks.php?page=13,,
http://www.globo.com + SQLi,http://siph0n.net/exploits.php?id=1296,http://siph0n.net/leaks.php?page=13,,
http://www.golden8ball.co.uk,http://siph0n.net/exploits.php?id=4708,http://siph0n.net/leaks.php?page=3,,
http://www.goodnightsleeptight.co.uk,http://siph0n.net/exploits.php?id=4137,http://siph0n.net/leaks.php?page=8,,
http://www.hawkingtech.com,http://siph0n.net/exploits.php?id=4556,http://siph0n.net/leaks.php?page=4,,
http://www.hirexpress.in,http://siph0n.net/exploits.php?id=4763,http://siph0n.net/leaks.php?page=3,,
http://www.hoechsmann.com,http://siph0n.net/exploits.php?id=4932,http://siph0n.net/leaks.php,,
http://www.hortinews.co.ke,http://siph0n.net/exploits.php?id=4652,http://siph0n.net/leaks.php?page=4,,
http://www.hortinews.co.ke + SQLi,http://siph0n.net/exploits.php?id=1110,http://siph0n.net/leaks.php?page=14,,
http://www.hostingkey.com,http://siph0n.net/exploits.php?id=3823,http://siph0n.net/leaks.php?page=11,,
http://www.humor.co.il,http://siph0n.net/exploits.php?id=4138,http://siph0n.net/leaks.php?page=8,,
http://www.humourjuif.com,http://siph0n.net/exploits.php?id=4539,http://siph0n.net/leaks.php?page=5,,
http://www.iaf.org.il + DB,http://siph0n.net/exploits.php?id=1832,http://siph0n.net/leaks.php?page=13,,
http://www.iaf.org.il + DB,http://siph0n.net/exploits.php?id=1832,http://siph0n.net/leaks.php?page=13,,
http://www.ibchan.com,http://siph0n.net/exploits.php?id=4843,http://siph0n.net/leaks.php?page=2,,
http://www.iceplex.tv/new1/ (Ryan TV),http://siph0n.net/exploits.php?id=4799,http://siph0n.net/leaks.php?page=2,,
http://www.iec.gov.sd + SQLi,http://siph0n.net/exploits.php?id=1049,http://siph0n.net/leaks.php?page=15,,
http://www.iec.gov.sd + SQLi,http://siph0n.net/exploits.php?id=1049,http://siph0n.net/leaks.php?page=15,,
http://www.illustrators.jp,http://siph0n.net/exploits.php?id=4557,http://siph0n.net/leaks.php?page=4,,
http://www.inspec.navy.mi.th/,http://siph0n.net/exploits.php?id=1120,http://siph0n.net/leaks.php?page=14,,
http://www.ipa-iac.org,http://siph0n.net/exploits.php?id=3826,http://siph0n.net/leaks.php?page=10,,
http://www.israelenbuenosaires.com.ar,http://siph0n.net/exploits.php?id=1077,http://siph0n.net/leaks.php?page=14,,
http://www.isuzu.net.my + SQLi,http://siph0n.net/exploits.php?id=1016,http://siph0n.net/leaks.php?page=15,,
http://www.isuzu.net.my + SQLi,http://siph0n.net/exploits.php?id=1016,http://siph0n.net/leaks.php?page=15,,
http://www.itembay.ca,http://siph0n.net/exploits.php?id=3974,http://siph0n.net/leaks.php?page=10,,
http://www.itembay.ca,http://siph0n.net/exploits.php?id=3974,http://siph0n.net/leaks.php?page=10,,
http://www.iutdelta.edu.ve,http://siph0n.net/exploits.php?id=3608,http://siph0n.net/leaks.php?page=12,,
http://www.ivic.gob.ve,http://siph0n.net/exploits.php?id=3999,http://siph0n.net/leaks.php?page=10,,
http://www.jak-tv.com + SQLi,http://siph0n.net/exploits.php?id=1051,http://siph0n.net/leaks.php?page=15,,
http://www.jcm.co.uk,http://siph0n.net/exploits.php?id=4658,http://siph0n.net/leaks.php?page=3,,
http://www.jltickets.com.br,http://siph0n.net/exploits.php?id=4148,http://siph0n.net/leaks.php?page=8,,
http://www.jobs2u.co.uk,http://siph0n.net/exploits.php?id=4663,http://siph0n.net/leaks.php?page=3,,
http://www.kasseinitiatives.com + SQLi,http://siph0n.net/exploits.php?id=1065,http://siph0n.net/leaks.php?page=15,,
http://www.kizzymail.com/,http://siph0n.net/exploits.php?id=4732,http://siph0n.net/leaks.php?page=3,,
http://www.kontur55.com,http://siph0n.net/exploits.php?id=4501,http://siph0n.net/leaks.php?page=5,,
http://www.ksp.gov.in/,http://siph0n.net/exploits.php?id=4730,http://siph0n.net/leaks.php?page=3,,
http://www.laptopmania.co.uk,http://siph0n.net/exploits.php?id=4197,http://siph0n.net/leaks.php?page=8,,
http://www.lepidoptera.eu,http://siph0n.net/exploits.php?id=4798,http://siph0n.net/leaks.php?page=2,,
http://www.lexpublib.org,http://siph0n.net/exploits.php?id=4160,http://siph0n.net/leaks.php?page=8,,
http://www.loc.gov,http://siph0n.net/exploits.php?id=4334,http://siph0n.net/leaks.php?page=7,,
http://www.mac-torrents.com,http://siph0n.net/exploits.php?id=4156,http://siph0n.net/leaks.php?page=8,,
http://www.marketstoday.net,http://siph0n.net/exploits.php?id=4723,http://siph0n.net/leaks.php?page=3,,
http://www.mavic-mp3.com,http://siph0n.net/exploits.php?id=4427,http://siph0n.net/leaks.php?page=6,,
http://www.maxhealthcare.in/,http://siph0n.net/exploits.php?id=1114,http://siph0n.net/leaks.php?page=14,,
http://www.mayline.com,http://siph0n.net/exploits.php?id=4659,http://siph0n.net/leaks.php?page=3,,
http://www.mega-torrent.ru,http://siph0n.net/exploits.php?id=4580,http://siph0n.net/leaks.php?page=4,,
http://www.msu.edu,http://siph0n.net/exploits.php?id=3801,http://siph0n.net/leaks.php?page=11,,
http://www.mupol.es,http://siph0n.net/exploits.php?id=4752,http://siph0n.net/leaks.php?page=3,,
http://www.myairbags.com,http://siph0n.net/exploits.php?id=4755,http://siph0n.net/leaks.php?page=3,,
"http://www.n-sider.com - 2,103 logins",http://siph0n.net/exploits.php?id=1283,http://siph0n.net/leaks.php?page=13,,
http://www.nabl-india.org,http://siph0n.net/exploits.php?id=4467,http://siph0n.net/leaks.php?page=5,,
http://www.nafahat.net,http://siph0n.net/exploits.php?id=4236,http://siph0n.net/leaks.php?page=7,,
http://www.nbaliveleague.com,http://siph0n.net/exploits.php?id=4506,http://siph0n.net/leaks.php?page=5,,
http://www.ncsa.illinois.edu/,http://siph0n.net/exploits.php?id=4520,http://siph0n.net/leaks.php?page=5,,
http://www.nezzwerk.com,http://siph0n.net/exploits.php?id=4075,http://siph0n.net/leaks.php?page=9,,
http://www.nezzwerk.com,http://siph0n.net/exploits.php?id=4356,http://siph0n.net/leaks.php?page=6,,
http://www.nmcth.edu,http://siph0n.net/exploits.php?id=3912,http://siph0n.net/leaks.php?page=10,,
http://www.norfolkadmirals.com/,http://siph0n.net/exploits.php?id=4604,http://siph0n.net/leaks.php?page=4,,
http://www.now.com.tw,http://siph0n.net/exploits.php?id=4205,http://siph0n.net/leaks.php?page=8,,
http://www.nsche.org.ng,http://siph0n.net/exploits.php?id=4519,http://siph0n.net/leaks.php?page=5,,
http://www.ntc.gov.ph,http://siph0n.net/exploits.php?id=3786,http://siph0n.net/leaks.php?page=11,,
http://www.ntc.gov.ph,http://siph0n.net/exploits.php?id=3769,http://siph0n.net/leaks.php?page=11,,
http://www.observacoop.org.mx,http://siph0n.net/exploits.php?id=1139,http://siph0n.net/leaks.php?page=14,,
http://www.optex.fr,http://siph0n.net/exploits.php?id=4650,http://siph0n.net/leaks.php?page=4,,
http://www.oursportscentral.com,http://siph0n.net/exploits.php?id=4473,http://siph0n.net/leaks.php?page=5,,
http://www.pakistanintelligence.com,http://siph0n.net/exploits.php?id=3816,http://siph0n.net/leaks.php?page=11,,
http://www.panmaz.co.il,http://siph0n.net/exploits.php?id=4133,http://siph0n.net/leaks.php?page=8,,
http://www.party-lg.com,http://siph0n.net/exploits.php?id=3865,http://siph0n.net/leaks.php?page=10,,
http://www.pausebaren.dk,http://siph0n.net/exploits.php?id=4593,http://siph0n.net/leaks.php?page=4,,
http://www.pccongress.org.uk,http://siph0n.net/exploits.php?id=4514,http://siph0n.net/leaks.php?page=5,,
http://www.picturingamerica.neh.gov,http://siph0n.net/exploits.php?id=4654,http://siph0n.net/leaks.php?page=4,,
http://www.pinoy-market.com,http://siph0n.net/exploits.php?id=4104,http://siph0n.net/leaks.php?page=9,,
http://www.pittsburghpa.gov,http://siph0n.net/exploits.php?id=4468,http://siph0n.net/leaks.php?page=5,,
http://www.pkf-littlejohn.com/,http://siph0n.net/exploits.php?id=4166,http://siph0n.net/leaks.php?page=8,,
http://www.pkn2.go.th/,http://siph0n.net/exploits.php?id=1121,http://siph0n.net/leaks.php?page=14,,
http://www.police.gov.bd/ SQLi + URL,http://siph0n.net/exploits.php?id=983,http://siph0n.net/leaks.php?page=16,,
http://www.police.gov.bd/ SQLi + URL,http://siph0n.net/exploits.php?id=983,http://siph0n.net/leaks.php?page=16,,
http://www.police.gov.sl + SQLi,http://siph0n.net/exploits.php?id=1294,http://siph0n.net/leaks.php?page=13,,
http://www.psacores.org + SQLi,http://siph0n.net/exploits.php?id=1167,http://siph0n.net/leaks.php?page=14,,
http://www.pukpik.com,http://siph0n.net/exploits.php?id=4151,http://siph0n.net/leaks.php?page=8,,
http://www.raas.com.au,http://siph0n.net/exploits.php?id=4727,http://siph0n.net/leaks.php?page=3,,
http://www.reed.co.uk + SQLi,http://siph0n.net/exploits.php?id=1095,http://siph0n.net/leaks.php?page=14,,
http://www.roxtarmy.fr,http://siph0n.net/exploits.php?id=3862,http://siph0n.net/leaks.php?page=10,,
http://www.rubbergroup.vn,http://siph0n.net/exploits.php?id=3776,http://siph0n.net/leaks.php?page=11,,
http://www.searchforsites.co.uk,http://siph0n.net/exploits.php?id=4601,http://siph0n.net/leaks.php?page=4,,
http://www.secondary27.go.th/,http://siph0n.net/exploits.php?id=1123,http://siph0n.net/leaks.php?page=14,,
http://www.sexbanden.dk,http://siph0n.net/exploits.php?id=4603,http://siph0n.net/leaks.php?page=4,,
http://www.short-fiction.co.uk,http://siph0n.net/exploits.php?id=4605,http://siph0n.net/leaks.php?page=4,,
http://www.singerco.com,http://siph0n.net/exploits.php?id=4899,http://siph0n.net/leaks.php?page=2,,
http://www.skoolkit.co.uk,http://siph0n.net/exploits.php?id=4753,http://siph0n.net/leaks.php?page=3,,
http://www.smptv.net,http://siph0n.net/exploits.php?id=4679,http://siph0n.net/leaks.php?page=3,,
http://www.southernhealth.ca Leak + URL,http://siph0n.net/exploits.php?id=988,http://siph0n.net/leaks.php?page=15,,
http://www.speako.pk + SQLi,http://siph0n.net/exploits.php?id=1088,http://siph0n.net/leaks.php?page=14,,
http://www.spelapoker.se,http://siph0n.net/exploits.php?id=4077,http://siph0n.net/leaks.php?page=9,,
http://www.ssme.ch,http://siph0n.net/exploits.php?id=4170,http://siph0n.net/leaks.php?page=8,,
http://www.sysinfo.org,http://siph0n.net/exploits.php?id=4655,http://siph0n.net/leaks.php?page=3,,
http://www.tennisarchives.com,http://siph0n.net/exploits.php?id=4507,http://siph0n.net/leaks.php?page=5,,
http://www.th.boots.com,http://siph0n.net/exploits.php?id=3529,http://siph0n.net/leaks.php?page=13,,
http://www.thaiind.com,http://siph0n.net/exploits.php?id=4150,http://siph0n.net/leaks.php?page=8,,
http://www.thaimassagemodel.com,http://siph0n.net/exploits.php?id=3866,http://siph0n.net/leaks.php?page=10,,
http://www.theblackdentrust.org.uk,http://siph0n.net/exploits.php?id=4596,http://siph0n.net/leaks.php?page=4,,
http://www.thisweekinpalestine.com + SQLi,http://siph0n.net/exploits.php?id=1830,http://siph0n.net/leaks.php?page=13,,
http://www.toplift.se,http://siph0n.net/exploits.php?id=3723,http://siph0n.net/leaks.php?page=11,,
http://www.trafficexchangesolutions.com/,http://siph0n.net/exploits.php?id=3975,http://siph0n.net/leaks.php?page=10,,
http://www.trampolining-online.co.uk,http://siph0n.net/exploits.php?id=4209,http://siph0n.net/leaks.php?page=8,,
http://www.tzdubrovnik.hr,http://siph0n.net/exploits.php?id=1075,http://siph0n.net/leaks.php?page=14,,
http://www.umoveindia.com,http://siph0n.net/exploits.php?id=4740,http://siph0n.net/leaks.php?page=3,,
http://www.ura.org,http://siph0n.net/exploits.php?id=4474,http://siph0n.net/leaks.php?page=5,,
http://www.usaideconomic.org.eg,http://siph0n.net/exploits.php?id=967,http://siph0n.net/leaks.php?page=16,,
http://www.verdao.net,http://siph0n.net/exploits.php?id=4472,http://siph0n.net/leaks.php?page=5,,
http://www.wareztuga.tv - Accounts,http://siph0n.net/exploits.php?id=3813,http://siph0n.net/leaks.php?page=11,,
http://www.web.calstatela.edu,http://siph0n.net/exploits.php?id=4386,http://siph0n.net/leaks.php?page=6,,
http://www.weboonline.com,http://siph0n.net/exploits.php?id=4757,http://siph0n.net/leaks.php?page=3,,
http://www.windsormed.org,http://siph0n.net/exploits.php?id=4097,http://siph0n.net/leaks.php?page=9,,
http://www.worldcurl.com,http://siph0n.net/exploits.php?id=4431,http://siph0n.net/leaks.php?page=6,,
http://www.xisu.edu.cn,http://siph0n.net/exploits.php?id=4036,http://siph0n.net/leaks.php?page=9,,
http://www1.sgg.whu.edu.cn,http://siph0n.net/exploits.php?id=4462,http://siph0n.net/leaks.php?page=5,,
http://www2.cscamm.umd.edu + SQLi,http://siph0n.net/exploits.php?id=998,http://siph0n.net/leaks.php?page=15,,
http://wwww.long-crendon.com/ e+p,http://siph0n.net/exploits.php?id=4069,http://siph0n.net/leaks.php?page=9,,
http://xendan.org,http://siph0n.net/exploits.php?id=4035,http://siph0n.net/leaks.php?page=9,,
http://xsplit.com (forums?),http://siph0n.net/exploits.php?id=4132,http://siph0n.net/leaks.php?page=8,,
http://yealmu3a.org.uk,http://siph0n.net/exploits.php?id=4537,http://siph0n.net/leaks.php?page=5,,
http://yelaw.net,http://siph0n.net/exploits.php?id=4502,http://siph0n.net/leaks.php?page=5,,
http://zoo-sextube.com,http://siph0n.net/exploits.php?id=4544,http://siph0n.net/leaks.php?page=5,,
http://zoo.sandiegozoo.org - 140k users,http://siph0n.net/exploits.php?id=3585,http://siph0n.net/leaks.php?page=12,,
http:/numainda-e-rehbar.com.pk,http://siph0n.net/exploits.php?id=1826,http://siph0n.net/leaks.php?page=13,,
https://66.60.169.130,http://siph0n.net/exploits.php?id=982,http://siph0n.net/leaks.php?page=16,,
https://asuslaptop.co.uk,http://siph0n.net/exploits.php?id=4302,http://siph0n.net/leaks.php?page=7,,
https://digginclips.com,http://siph0n.net/exploits.php?id=4558,http://siph0n.net/leaks.php?page=4,,
https://dinastymc.eu (@Goodk3t),http://siph0n.net/exploits.php?id=4893,http://siph0n.net/leaks.php?page=2,,
https://hackyard.net,http://siph0n.net/exploits.php?id=3586,http://siph0n.net/leaks.php?page=12,,
https://posta.basbakanlik.gov.tr + SQLi,http://siph0n.net/exploits.php?id=1015,http://siph0n.net/leaks.php?page=15,,
https://www.amzreviewtrader.com/,http://siph0n.net/exploits.php?id=4125,http://siph0n.net/leaks.php?page=8,,
https://www.iwight.com/ dump,http://siph0n.net/exploits.php?id=4688,http://siph0n.net/leaks.php?page=3,,
https://www.oxnardpd.org,http://siph0n.net/exploits.php?id=1180,http://siph0n.net/leaks.php?page=13,,
https://zoosk.com,http://siph0n.net/exploits.php?id=4769,http://siph0n.net/leaks.php?page=3,,
Incorpore.co.uk,http://siph0n.net/exploits.php?id=4927,http://siph0n.net/leaks.php,,
integrativerd.org Pt 1/3. @KittyGods,http://siph0n.net/exploits.php?id=7864,http://siph0n.net/leaks.php,,
integrativerd.org Pt 2(WP)/3. @KittyGods,http://siph0n.net/exploits.php?id=7865,http://siph0n.net/leaks.php,,
ISCS.com Leaked #w0rmsec,http://siph0n.net/exploits.php?id=1037,http://siph0n.net/leaks.php?page=15,,
jalandharpolice.gov.in,http://siph0n.net/exploits.php?id=3754,http://siph0n.net/leaks.php?page=11,,
labcom.ubi.pt leak,http://siph0n.net/exploits.php?id=1172,http://siph0n.net/leaks.php?page=14,,
Laboratory Medical Mexicano,http://siph0n.net/exploits.php?id=1325,http://siph0n.net/leaks.php?page=13,,
lakeland.cc.il.us,http://siph0n.net/exploits.php?id=1189,http://siph0n.net/leaks.php?page=13,,
lamborghini-mulhouse.fr,http://siph0n.net/exploits.php?id=4822,http://siph0n.net/leaks.php?page=2,,
LateChef_2016_54k_Plaintext,http://siph0n.net/exploits.php?id=4909,http://siph0n.net/leaks.php,,
"leakbase.pw - access.log & users, parsed",http://siph0n.net/exploits.php?id=4978,http://siph0n.net/leaks.php,,
leakbase.pw [with_cleartext_passwords] @LeakbasePW,http://siph0n.net/exploits.php?id=4977,http://siph0n.net/leaks.php,,
leakbase.pw_access.log (@LeakbasePW) (@goodk3t),http://siph0n.net/exploits.php?id=4976,http://siph0n.net/leaks.php,,
Leaked passwords from wordpress sites,http://siph0n.net/exploits.php?id=4109,http://siph0n.net/leaks.php?page=9,,
LEaked-Skype,http://siph0n.net/exploits.php?id=984,http://siph0n.net/leaks.php?page=16,,
Linkedin,http://siph0n.net/exploits.php?id=4776,http://siph0n.net/leaks.php?page=2,,
lladurs.cat #hacked . @luZ1f3R_darknet,http://siph0n.net/exploits.php?id=8541,http://siph0n.net/leaks.php,,
lumensfactory.com (@goodk3t),http://siph0n.net/exploits.php?id=4890,http://siph0n.net/leaks.php?page=2,,
m.lib.msu.edu Leak + vuln URL,http://siph0n.net/exploits.php?id=968,http://siph0n.net/leaks.php?page=16,,
Maison de l'industrie dump by XVII,http://siph0n.net/exploits.php?id=1207,http://siph0n.net/leaks.php?page=13,,
Malaysian Port Authority Hacked,http://siph0n.net/exploits.php?id=1052,http://siph0n.net/leaks.php?page=15,,
MASS INDIA DEFACE,http://siph0n.net/exploits.php?id=1116,http://siph0n.net/leaks.php?page=14,,
mdchamp.org dump,http://siph0n.net/exploits.php?id=4802,http://siph0n.net/leaks.php?page=2,,
medicine-tec.biz {} Medical & Card {} @sqlgrim,http://siph0n.net/exploits.php?id=8548,http://siph0n.net/leaks.php,,
megabot.us db/files,http://siph0n.net/exploits.php?id=4782,http://siph0n.net/leaks.php?page=2,,
MEGALEAK - http://euromilhoes.com,http://siph0n.net/exploits.php?id=3833,http://siph0n.net/leaks.php?page=10,,
mel.org,http://siph0n.net/exploits.php?id=1170,http://siph0n.net/leaks.php?page=14,,
menweb.mineducacion.gov.co,http://siph0n.net/exploits.php?id=1061,http://siph0n.net/leaks.php?page=15,,
Military of Venezuela - Hacked,http://siph0n.net/exploits.php?id=4956,http://siph0n.net/leaks.php,,
MinecraftPEForum,http://siph0n.net/exploits.php?id=3868,http://siph0n.net/leaks.php?page=10,,
Missouri Edu Subdomain Leak,http://siph0n.net/exploits.php?id=4922,http://siph0n.net/leaks.php,,
MN.gov Hacked by Vigilance,http://siph0n.net/exploits.php?id=4987,http://siph0n.net/leaks.php,,
mobmatrix.com,http://siph0n.net/exploits.php?id=1071,http://siph0n.net/leaks.php?page=14,,
Movistar Router Root,http://siph0n.net/exploits.php?id=4924,http://siph0n.net/leaks.php,,
Multiple accounts from oueb by XVII,http://siph0n.net/exploits.php?id=1305,http://siph0n.net/leaks.php?page=13,,
Multiple Dating/Marriage Websites (9),http://siph0n.net/exploits.php?id=4033,http://siph0n.net/leaks.php?page=9,,
Multiple Large Databases,http://siph0n.net/exploits.php?id=4710,http://siph0n.net/leaks.php?page=3,,
MyArmTV.com_Users_m1,http://siph0n.net/exploits.php?id=4912,http://siph0n.net/leaks.php,,
mycompaniesact.com dump,http://siph0n.net/exploits.php?id=4805,http://siph0n.net/leaks.php?page=2,,
Mylloyd.com_2016_30k,http://siph0n.net/exploits.php?id=4911,http://siph0n.net/leaks.php,,
Nasa Admin Credentials | LEAKED | WORKING,http://siph0n.net/exploits.php?id=3578,http://siph0n.net/leaks.php?page=12,,
NASA's Database Hacked // Their Server Info,http://siph0n.net/exploits.php?id=3577,http://siph0n.net/leaks.php?page=12,,
NASA's Database Hacked // Their Server Info,http://siph0n.net/exploits.php?id=3577,http://siph0n.net/leaks.php?page=12,,
National Film Development Corporation Malaysia (FI,http://siph0n.net/exploits.php?id=1057,http://siph0n.net/leaks.php?page=15,,
NATO LEAK BOYS,http://siph0n.net/exploits.php?id=1104,http://siph0n.net/leaks.php?page=14,,
nd.gov (@HostileSec),http://siph0n.net/exploits.php?id=4937,http://siph0n.net/leaks.php,,
NetBrawl Users,http://siph0n.net/exploits.php?id=4897,http://siph0n.net/leaks.php?page=2,,
NETGEAR router attack - 2731 logins,http://siph0n.net/exploits.php?id=4807,http://siph0n.net/leaks.php?page=2,,
Nigerian Airspace Managemen Agency,http://siph0n.net/exploits.php?id=1047,http://siph0n.net/leaks.php?page=15,,
Nigerian Airspace Managemen Agency,http://siph0n.net/exploits.php?id=1047,http://siph0n.net/leaks.php?page=15,,
North Dakota Bank Logs,http://siph0n.net/exploits.php?id=4536,http://siph0n.net/leaks.php?page=5,,
Nothing,http://siph0n.net/exploits.php?id=4551,http://siph0n.net/leaks.php?page=4,,
nsbkvweb01.swfwmd.state.fl.us,http://siph0n.net/exploits.php?id=4928,http://siph0n.net/leaks.php,,
olgautomobile.com,http://siph0n.net/exploits.php?id=3543,http://siph0n.net/leaks.php?page=13,,
olgautomobiles.com defaced,http://siph0n.net/exploits.php?id=1833,http://siph0n.net/leaks.php?page=13,,
ortomec.com.co,http://siph0n.net/exploits.php?id=4970,http://siph0n.net/leaks.php,,
os-pvp.net,http://siph0n.net/exploits.php?id=4918,http://siph0n.net/leaks.php,,
Parliament of Nigeria | Leak by XVII,http://siph0n.net/exploits.php?id=1205,http://siph0n.net/leaks.php?page=13,,
Parliament of Nigeria | Leak by XVII,http://siph0n.net/exploits.php?id=1205,http://siph0n.net/leaks.php?page=13,,
pawc1i.epsi.co.za,http://siph0n.net/exploits.php?id=965,http://siph0n.net/leaks.php?page=16,,
PayPalSucks Database 102k,http://siph0n.net/exploits.php?id=4737,http://siph0n.net/leaks.php?page=3,,
Phase botnet: authenticated xss vulnerability,http://siph0n.net/exploits.php?id=3681,http://siph0n.net/leaks.php?page=11,,
PingPong.su_2016_57k_phpbb,http://siph0n.net/exploits.php?id=4810,http://siph0n.net/leaks.php?page=2,,
PirateStresser DB,http://siph0n.net/exploits.php?id=4438,http://siph0n.net/leaks.php?page=6,,
"Popular Dating Site - 23,647 Users",http://siph0n.net/exploits.php?id=3641,http://siph0n.net/leaks.php?page=12,,
portal.natal.rn.gov.br + SQLi,http://siph0n.net/exploits.php?id=1089,http://siph0n.net/leaks.php?page=14,,
premierbankltd.com - Employee Records,http://siph0n.net/exploits.php?id=3699,http://siph0n.net/leaks.php?page=11,,
Provisional Companies Data Leak,http://siph0n.net/exploits.php?id=4562,http://siph0n.net/leaks.php?page=4,,
pspthemez.com,http://siph0n.net/exploits.php?id=4820,http://siph0n.net/leaks.php?page=2,,
Random Stuff,http://siph0n.net/exploits.php?id=4491,http://siph0n.net/leaks.php?page=5,,
RealExpose.com,http://siph0n.net/exploits.php?id=4526,http://siph0n.net/leaks.php?page=5,,
Red Dragon Inn Forum,http://siph0n.net/exploits.php?id=4597,http://siph0n.net/leaks.php?page=4,,
remotestaff.com.au,http://siph0n.net/exploits.php?id=4680,http://siph0n.net/leaks.php?page=3,,
rimis.rijeka.hr,http://siph0n.net/exploits.php?id=1083,http://siph0n.net/leaks.php?page=14,,
Royal Police of Bhutan Database leaked,http://siph0n.net/exploits.php?id=4686,http://siph0n.net/leaks.php?page=3,,
rude66.com #hacked by #CatCorp @KittyGods,http://siph0n.net/exploits.php?id=7858,http://siph0n.net/leaks.php,,
"SafeTun VPN - 41,000,000 log entries",http://siph0n.net/exploits.php?id=4382,http://siph0n.net/leaks.php?page=6,,
salud.armenia.gov.co database,http://siph0n.net/exploits.php?id=987,http://siph0n.net/leaks.php?page=15,,
SAPS.GOV.ZA,http://siph0n.net/exploits.php?id=1173,http://siph0n.net/leaks.php?page=14,,
sciencedomain.org,http://siph0n.net/exploits.php?id=3658,http://siph0n.net/leaks.php?page=12,,
SevenDollarClick.com_2016_109k,http://siph0n.net/exploits.php?id=4814,http://siph0n.net/leaks.php?page=2,,
sh0ping.su /.net DB LEAKED,http://siph0n.net/exploits.php?id=4748,http://siph0n.net/leaks.php?page=3,,
shanghaiexpat.com,http://siph0n.net/exploits.php?id=1186,http://siph0n.net/leaks.php?page=13,,
shop.etchshop.co.uk - [17K] breached by @KittyGods,http://siph0n.net/exploits.php?id=7854,http://siph0n.net/leaks.php,,
skolverket.se,http://siph0n.net/exploits.php?id=4223,http://siph0n.net/leaks.php?page=7,,
SkTorrent.eu,http://siph0n.net/exploits.php?id=4549,http://siph0n.net/leaks.php?page=4,,
skylink-phones.ru,http://siph0n.net/exploits.php?id=4819,http://siph0n.net/leaks.php?page=2,,
Some website defaced via Elfinder,http://siph0n.net/exploits.php?id=1317,http://siph0n.net/leaks.php?page=13,,
sostenipra.cat #hacked . @luZ1f3R_darknet,http://siph0n.net/exploits.php?id=8542,http://siph0n.net/leaks.php,,
SQli Vuln List,http://siph0n.net/exploits.php?id=3582,http://siph0n.net/leaks.php?page=12,,
state.al.us #MySQL by @KittyGods #CatCorp,http://siph0n.net/exploits.php?id=7856,http://siph0n.net/leaks.php,,
swingbrasileiro / relacionamentoaberto,http://siph0n.net/exploits.php?id=4935,http://siph0n.net/leaks.php,,
Texas.Gov,http://siph0n.net/exploits.php?id=4523,http://siph0n.net/leaks.php?page=5,,
the Malaysian Anti-Corruption Commission (MACC ),http://siph0n.net/exploits.php?id=1056,http://siph0n.net/leaks.php?page=15,,
ThreeDollarClick.com_2016_46k,http://siph0n.net/exploits.php?id=4815,http://siph0n.net/leaks.php?page=2,,
Time Warner Cable: Business Class,http://siph0n.net/exploits.php?id=4535,http://siph0n.net/leaks.php?page=5,,
"TMobile Admin Logins, 80 Logins",http://siph0n.net/exploits.php?id=3575,http://siph0n.net/leaks.php?page=12,,
TrilliumTransit.com DB Dropped / Admin Included,http://siph0n.net/exploits.php?id=3574,http://siph0n.net/leaks.php?page=12,,
triple leak,http://siph0n.net/exploits.php?id=1085,http://siph0n.net/leaks.php?page=14,,
Turkish Citizenship Database - Mirror,http://siph0n.net/exploits.php?id=4612,http://siph0n.net/leaks.php?page=4,,
Twelve Hundred PSN Logins. @NaziProphets,http://siph0n.net/exploits.php?id=3825,http://siph0n.net/leaks.php?page=10,,
United Nations Hacked / Logins Leaked,http://siph0n.net/exploits.php?id=3576,http://siph0n.net/leaks.php?page=12,,
unitedcashback.com DataBase,http://siph0n.net/exploits.php?id=4823,http://siph0n.net/leaks.php?page=2,,
University OF Michigan Hacked,http://siph0n.net/exploits.php?id=1169,http://siph0n.net/leaks.php?page=14,,
upc.edu,http://siph0n.net/exploits.php?id=4968,http://siph0n.net/leaks.php,,
uselitewine.com,http://siph0n.net/exploits.php?id=4821,http://siph0n.net/leaks.php?page=2,,
Venezuelan Army Website Hacked.,http://siph0n.net/exploits.php?id=4949,http://siph0n.net/leaks.php,,
Verizon Accounts #tbt of Secteamsix,http://siph0n.net/exploits.php?id=4500,http://siph0n.net/leaks.php?page=5,,
Verizon Email/Addresses dump,http://siph0n.net/exploits.php?id=4459,http://siph0n.net/leaks.php?page=6,,
waveinsight.com/,http://siph0n.net/exploits.php?id=1027,http://siph0n.net/leaks.php?page=15,,
weedheaven.de dump,http://siph0n.net/exploits.php?id=4801,http://siph0n.net/leaks.php?page=2,,
Wii-Records_2016_18k_phpbb,http://siph0n.net/exploits.php?id=4811,http://siph0n.net/leaks.php?page=2,,
WrestleTalk.tv,http://siph0n.net/exploits.php?id=4788,http://siph0n.net/leaks.php?page=2,,
www.ahashare.com + SQLi,http://siph0n.net/exploits.php?id=1058,http://siph0n.net/leaks.php?page=15,,
www.ahashare.com + SQLMAP,http://siph0n.net/exploits.php?id=1059,http://siph0n.net/leaks.php?page=15,,
www.altcine.com #hacked by @sudosensitivity,http://siph0n.net/exploits.php?id=4477,http://siph0n.net/leaks.php?page=5,,
www.arochukwu.ab.gov.ng + SQLi,http://siph0n.net/exploits.php?id=1040,http://siph0n.net/leaks.php?page=15,,
www.brgov.com,http://siph0n.net/exploits.php?id=4796,http://siph0n.net/leaks.php?page=2,,
www.dbaprop.co.uk + 20 others #pwned by @KittyGods,http://siph0n.net/exploits.php?id=7862,http://siph0n.net/leaks.php,,
www.deinmediato.com.ve,http://siph0n.net/exploits.php?id=1146,http://siph0n.net/leaks.php?page=14,,
www.dk.co.id,http://siph0n.net/exploits.php?id=3563,http://siph0n.net/leaks.php?page=12,,
www.dornrak.go.th + SQLi,http://siph0n.net/exploits.php?id=1038,http://siph0n.net/leaks.php?page=15,,
www.dsp.santemontreal.qc.ca,http://siph0n.net/exploits.php?id=3537,http://siph0n.net/leaks.php?page=13,,
www.fisheries.go.th +SQLi,http://siph0n.net/exploits.php?id=1039,http://siph0n.net/leaks.php?page=15,,
www.fmi.c,http://siph0n.net/exploits.php?id=1136,http://siph0n.net/leaks.php?page=14,,
www.gmac-cambodia.org + SQLi,http://siph0n.net/exploits.php?id=994,http://siph0n.net/leaks.php?page=15,,
www.gobiernolocal.der.unicen.edu.ar,http://siph0n.net/exploits.php?id=1082,http://siph0n.net/leaks.php?page=14,,
www.jobsunlimited.com.na #minidump by @KittyGods,http://siph0n.net/exploits.php?id=7866,http://siph0n.net/leaks.php,,
www.kingslyonline.in + SQLi,http://siph0n.net/exploits.php?id=1093,http://siph0n.net/leaks.php?page=14,,
www.leoprinting.co.uk,http://siph0n.net/exploits.php?id=4684,http://siph0n.net/leaks.php?page=3,,
www.lib.nu.ac.th,http://siph0n.net/exploits.php?id=1062,http://siph0n.net/leaks.php?page=15,,
www.londonlionsbasketball.co.uk,http://siph0n.net/exploits.php?id=1322,http://siph0n.net/leaks.php?page=13,,
www.mckeownandwood.com personal info dump,http://siph0n.net/exploits.php?id=4804,http://siph0n.net/leaks.php?page=2,,
www.neaa.government.bg +sqli,http://siph0n.net/exploits.php?id=986,http://siph0n.net/leaks.php?page=16,,
www.nokorwatnews.com + SQLi,http://siph0n.net/exploits.php?id=1011,http://siph0n.net/leaks.php?page=15,,
www.nokorwatnews.com + SQLi,http://siph0n.net/exploits.php?id=1011,http://siph0n.net/leaks.php?page=15,,
www.ppwsa.com.kh + SQLi,http://siph0n.net/exploits.php?id=1012,http://siph0n.net/leaks.php?page=15,,
www.ppwsa.com.kh + SQLi,http://siph0n.net/exploits.php?id=1012,http://siph0n.net/leaks.php?page=15,,
www.ramsol.in + SQLi,http://siph0n.net/exploits.php?id=1087,http://siph0n.net/leaks.php?page=14,,
www.rgsmusic.com.ar,http://siph0n.net/exploits.php?id=1084,http://siph0n.net/leaks.php?page=14,,
www.rgsmusic.com.ar,http://siph0n.net/exploits.php?id=1084,http://siph0n.net/leaks.php?page=14,,
www.sci.nu.ac.th,http://siph0n.net/exploits.php?id=1063,http://siph0n.net/leaks.php?page=15,,
www.sci.nu.ac.th,http://siph0n.net/exploits.php?id=1063,http://siph0n.net/leaks.php?page=15,,
www.secp.gov.pk,http://siph0n.net/exploits.php?id=1145,http://siph0n.net/leaks.php?page=14,,
www.seemnemaailm.ee Leak 13k plaintext,http://siph0n.net/exploits.php?id=1046,http://siph0n.net/leaks.php?page=15,,
www.statelife.com.pk,http://siph0n.net/exploits.php?id=1303,http://siph0n.net/leaks.php?page=13,,
www.sunriseinformatic.com + SQLi,http://siph0n.net/exploits.php?id=991,http://siph0n.net/leaks.php?page=15,,
www.tvk.gov.kh + SQLi,http://siph0n.net/exploits.php?id=1014,http://siph0n.net/leaks.php?page=15,,
wwwgladstone.mo.us,http://siph0n.net/exploits.php?id=1028,http://siph0n.net/leaks.php?page=15,,
yfile.net db/files,http://siph0n.net/exploits.php?id=4780,http://siph0n.net/leaks.php?page=2,,
Zoomaru Users,http://siph0n.net/exploits.php?id=4896,http://siph0n.net/leaks.php?page=2,,